url,date,name,description,position,task,qualifications,prefer,welfare,endDate,location,stack
https://wanted.co.kr/wd/79538,Mon Jan 30 2023 20:00:30 GMT+0900 (대한민국 표준시),모니터코퍼레이션,모니터코퍼퍼레이션은 전문의와 인터랙션하며 의료영상을 분석하는 인공지능 솔루션을 만들고 있습니다. 고성능의 AI기술과 직관적인 UI를 통해 의사의 업무 효율을 높이고 최종적으로 환자들에게 많은 혜택을 줄 수 있는 솔루션을 개발하고자 합니다.모니터코퍼레이션은 팀원의 자율성을 존중하고  각자 도전적인 과제를 설정하고 능동적으로 수행해 나아가는 기업 문화를 지향합니다. 아직 해결되지 않은 문제를 도전하고자 하는 분들과 함께 성장하고 싶습니다. 많은 관심과 지원 부탁 드립니다.,AI/딥러닝/머신러닝 엔지니어,[주요업무]- 의료영상 분석을 위한 인공지능 알고리즘 R&D- AI / CV 활용한 제품개발을 주도적으로 진행- 제품에 적용할 머신러닝 및 딥러닝 기술 고도화 및 최적화[채용절차]- 역량을 잘 보여줄 수 있는 자유로운 지원서류 제출 (경력기술서  포트폴리오  Github 등)- 실무진 및 임원 면접- 각 절차별로 약 1주 이내 결과 전달,- 관련 분야 학사 이상,- 관련분야 논문 게재 또는 발표 경력이 있으신 분- 딥러닝 활용한 제품 개발 경험 있으신 분,- 개인 장비: 최신 GPU 장착 개발서버  고사양노트북/듀얼모니터 제공- 자기 계발: 월별 자기계발비 지원  개발 도서 구입 지원  직무 관련 교육/세미나비 지원  스터디 모임 지원  해외학회참가 지원- 식사  간식: 고급 커피/간식 무한 제공  석식 제공- 연차  휴가: 자율 휴가제- 근무 형태: 유연 근무- 보험  의료: 종합 검진 제공  경조사비  4대 보험,2023.02.10,강남구 서초동 강남대로 311  드림플러스 강남 9층,
https://wanted.co.kr/wd/144360,Mon Jan 30 2023 20:00:34 GMT+0900 (대한민국 표준시),비트나인,비트나인에서 DB Engineer를 모집합니다.2013년 설립된 비트나인은 국내 유일 그래프데이터베이스 연구개발 전문기업입니다.당사는 연결된 데이터 모델을 저장  분석하는 데이터베이스 솔루션(DBMS)을 제공하고 있으며 유수의 글로벌 빅테크 기업들이 그래프 데이터베이스를 적극 활용해 새로운 가치 창출과 혁신을 주도하고 있습니다.당사는 2020년 제 19회 소프트웨어 기업경쟁력 대상 수상  미국 아파치재단 인큐베이션 프로젝트 선정(AGE) 등 지속적인 성장세를 보이고 있으며  2021년에는 데이터베이스 기업 최초로 코스닥에 상장을 하였습니다.비트나인과 함께 미래를 이끌어갈 도전적인 인재를 찾습니다.,백엔드 개발자 2(개발팀원),• Java를 활용한 Backend 개발 최소 7년 이상• JPA  Hibernate등 ORM사용과 도메인 모델링 경험 5년 이상• Jenkins 등을 통해 빌드/테스트/배포 자동화 경험을 보유한 사람• PM 혹은 PL 경험을 1회 이상 가진 사람• 담당한 프로젝트에 대한 아키텍처 설계가 가능한 사람,• 개발자 업력 10년 이상• Java  Nodejs  Python 경력자• 컴퓨터 관련 학과를 전공하거나 부전공 등으로 졸업한 사람• Linux/Unix 등 기본적인 OS 지식 보유,• 프로젝트 PL 경험을 지닌 사람• Kubernetes/Docker 사용 및 개발경험이 있는 사람• 기술적인 의견 공유 및 소통에 거부감이 없는 사람• 영어 소통이 어느 정도 가능한 사람• 개발적인 측면에 있어 새로운 기술에 대해 관심이 많은 사람• 본인이 수행한 업무를 체계적으로 문서화할 수 있는 사람• 단순히 하달된 업무 처리가 아닌  해당 업무에 대한 개선 사항 도출이나 추가 로직 구상에 흥미를 가진 사람,• 주5일(월~금  근무시간: 8시30분~5시30분)• 4대보험  퇴직연금  연차  반차• 점심식사 제공• 휴게실  라운지(차  캡슐커피 무제한  음료  간식 무제한 등)• 각종 경조사 지원  채용검진 및 종합건강검진 지원• 워크샵  사내동호회 활동 지원  팀활동비 지원• 복지포인트(선택적 복지제도) 지급• 직무관련 교육비 지원  도서구매 지원 등• 사무용품 지급  업무용 노트북 및 듀얼모니터 등 지급• 사내 추천 채용 포상금제도  청년내일채움공제 등• 회사에서는 부서별 해당 업무 전문가 인력으로 구성되어 업무를 진행합니다.  • 우리 부서는 DB와 데이터처리관련 업무를 하며  원리이해를 바탕으로 자신감과 함께 즐겁게    업무를 진행합니다.• 자신감은 성격과 스킬에서 얻어지기 보다  적극적인 관심과 노력에서 나온다고 생각합니다.• 혼자서만 하는 업무가 아니라  공유하고 같이 해결해 가는 분위기에서 Communication을   중요하게 생각합니다.#휴게실 #자기계발 #도서구매비 #식비 #건강검진 #복지포인트 #문화비 #커피 차 간식제공 #중식제공,상시,서울특별시 강남구 테헤란로 516 4층,
https://wanted.co.kr/wd/144359,Mon Jan 30 2023 20:00:37 GMT+0900 (대한민국 표준시),비트나인,비트나인에서 DB Engineer를 모집합니다.2013년 설립된 비트나인은 국내 유일 그래프데이터베이스 연구개발 전문기업입니다.당사는 연결된 데이터 모델을 저장  분석하는 데이터베이스 솔루션(DBMS)을 제공하고 있으며 유수의 글로벌 빅테크 기업들이 그래프 데이터베이스를 적극 활용해 새로운 가치 창출과 혁신을 주도하고 있습니다.당사는 2020년 제 19회 소프트웨어 기업경쟁력 대상 수상  미국 아파치재단 인큐베이션 프로젝트 선정(AGE) 등 지속적인 성장세를 보이고 있으며  2021년에는 데이터베이스 기업 최초로 코스닥에 상장을 하였습니다.비트나인과 함께 미래를 이끌어갈 도전적인 인재를 찾습니다.,백엔드 개발자 1팀(개발팀원),• Java를 활용한 Backend 개발 최소 5년 이상• JPA  Hibernate등 ORM사용과 도메인 모델링 경험 3년 이상• Jenkins 등을 통해 빌드/테스트/배포 자동화 경험을 보유한 사람,• 개발자 업력 5년 이상• Java  Nodejs  Python 경력자• 컴퓨터 관련 학과를 전공하거나 부전공 등으로 졸업한 사람• Linux/Unix 등 기본적인 OS 지식 보유,• 프로젝트 PL 경험을 지닌 사람• Kubernetes/Docker 사용 및 개발경험이 있는 사람• 기술적인 의견 공유 및 소통에 거부감이 없는 사람• 영어 소통이 어느 정도 가능한 사람• 개발적인 측면에 있어 새로운 기술에 대해 관심이 많은 사람• 본인이 수행한 업무를 체계적으로 문서화할 수 있는 사람• 단순히 하달된 업무 처리가 아닌  해당 업무에 대한 개선 사항 도출이나 추가 로직 구상에 흥미를 가진 사람,• 주5일(월~금  근무시간: 8시30분~5시30분)• 4대보험  퇴직연금  연차  반차• 점심식사 제공• 휴게실  라운지(차  캡슐커피 무제한  음료  간식 무제한 등)• 각종 경조사 지원  채용검진 및 종합건강검진 지원• 워크샵  사내동호회 활동 지원  팀활동비 지원• 복지포인트(선택적 복지제도) 지급• 직무관련 교육비 지원  도서구매 지원 등• 사무용품 지급  업무용 노트북 및 듀얼모니터 등 지급• 사내 추천 채용 포상금제도  청년내일채움공제 등• 회사에서는 부서별 해당 업무 전문가 인력으로 구성되어 업무를 진행합니다.  • 우리 부서는 DB와 데이터처리관련 업무를 하며  원리이해를 바탕으로 자신감과 함께 즐겁게    업무를 진행합니다.• 자신감은 성격과 스킬에서 얻어지기 보다  적극적인 관심과 노력에서 나온다고 생각합니다.• 혼자서만 하는 업무가 아니라  공유하고 같이 해결해 가는 분위기에서 Communication을   중요하게 생각합니다.#휴게실 #자기계발 #도서구매비 #식비 #건강검진 #복지포인트 #문화비 #커피 차 간식제공 #중식제공,상시,서울특별시 강남구 테헤란로 516 4층,
https://wanted.co.kr/wd/144358,Mon Jan 30 2023 20:00:42 GMT+0900 (대한민국 표준시),비트나인,비트나인에서 DB Engineer를 모집합니다.2013년 설립된 비트나인은 국내 유일 그래프데이터베이스 연구개발 전문기업입니다.당사는 연결된 데이터 모델을 저장  분석하는 데이터베이스 솔루션(DBMS)을 제공하고 있으며 유수의 글로벌 빅테크 기업들이 그래프 데이터베이스를 적극 활용해 새로운 가치 창출과 혁신을 주도하고 있습니다.당사는 2020년 제 19회 소프트웨어 기업경쟁력 대상 수상  미국 아파치재단 인큐베이션 프로젝트 선정(AGE) 등 지속적인 성장세를 보이고 있으며  2021년에는 데이터베이스 기업 최초로 코스닥에 상장을 하였습니다.비트나인과 함께 미래를 이끌어갈 도전적인 인재를 찾습니다.,시니어급 c 개발자 (Project Design 팀원),•  c개발자•  백엔드 개발자,• C 개발자 업력 3년 이상• C 언어 기초  자료구조  알고리즘 학과 성적 B 이상• RDB에 관심 있는 사람,• Graph Database에 대해 관심이 있거나 사용해본 사람• 기술적인 의견 공유 및 소통에 거부감이 없는 사람• 영어 소통이 어느 정도 가능한 사람• 개발적인 측면에 있어 새로운 기술에 대해 관심이 많은 사람• 본인이 수행한 업무를 체계적으로 문서화할 수 있는 사람• 단순히 하달된 업무 처리가 아닌  해당 업무에 대한 개선 사항 도출이나 추가 로직 구상에 흥미를 가진 사람,• 주5일(월~금  근무시간: 8시30분~5시30분)• 4대보험  퇴직연금  연차  반차• 점심식사 제공• 휴게실  라운지(차  캡슐커피 무제한  음료  간식 무제한 등)• 각종 경조사 지원  채용검진 및 종합건강검진 지원• 워크샵  사내동호회 활동 지원  팀활동비 지원• 복지포인트(선택적 복지제도) 지급• 직무관련 교육비 지원  도서구매 지원 등• 사무용품 지급  업무용 노트북 및 듀얼모니터 등 지급• 사내 추천 채용 포상금제도  청년내일채움공제 등• 회사에서는 부서별 해당 업무 전문가 인력으로 구성되어 업무를 진행합니다.  • 우리 부서는 DB와 데이터처리관련 업무를 하며  원리이해를 바탕으로 자신감과 함께 즐겁게    업무를 진행합니다.• 자신감은 성격과 스킬에서 얻어지기 보다  적극적인 관심과 노력에서 나온다고 생각합니다.• 혼자서만 하는 업무가 아니라  공유하고 같이 해결해 가는 분위기에서 Communication을   중요하게 생각합니다.#휴게실 #자기계발 #도서구매비 #식비 #건강검진 #복지포인트 #문화비 #커피 차 간식제공 #중식제공,상시,서울특별시 강남구 테헤란로 516 4층,
https://wanted.co.kr/wd/122838,Mon Jan 30 2023 20:00:45 GMT+0900 (대한민국 표준시),샤플,안녕하세요 샤플 대표 진창수입니다.샤플(SHAPL)은 전 세계 48개국 디자이너들의 디자인 IP를 통한 다양한 사업화 서비스를 하고 있는 플랫폼 서비스입니다.샤플 디자인 콘테스트와 샤플 온라인 제조 서비스 등 디자인 콘텐츠를 통한 서비스에서 좋은 성과를 만들어 내며 성장하고 있는 중입니다.2022년에는 신규 서비스인 NFT블록체인 기술을 도입한  샤플레이(SHAPLEI)를 글로벌 서비스를 런칭하여 디자인 IP와 블록체인 기술을 적용한 새로운 패션 테크 분야를 선도하는 플랫폼 서비스를 시작하였습니다.디자이너의 그래픽을 한정판으로 옷에 프린트하고 그것을 블록체인화하여 전 세계 어디든 같은 그래픽의 옷을 구매한 고객들이 서로 소통하고  그 안에서 제품을 재 판매할 수 있는 플랫폼 서비스입니다.샤플은 이렇게 다양한 서비스를 운영하고 있으며  2023년에는 신규 서비스로 B2C 앱 서비스를 런칭 준비중에 있습니다. 기존 서비스와 다르게 광고중심의 개인화 앱서비스에 초첨이 되어 있어서 이분야 특화된 서비스 운영자 및 마케터를 모집합니다.  지원하는 여러분의 기술력과 상상력이 서비스에 대해져서 더욱 놀라운 서비스로 탄생할 것입니다.자율 출근제와 맥북 노트북 등 개발자에게 최적화된 근무 환경을 제공하는 것과 동시에 회사가 빠르게 성장하는 것만큼의 확실한 인센티브가 주어지는 샤플에 기획자 여러분들의 많은 관심과 지원 부탁드립니다.지원 후 인터뷰를 해보시면 회사의 비전과 성장력이 더욱 느껴지실 겁니다!,B2C 앱 서비스 기획 및 운영,• 플랫폼 서비스 기획 및 운영• 플랫폼 서비스 개발 전략• 개발 화면 설계 및 스토리보드 작성 (개발문서작성 및 PM),• 앱 서비스 개발 및 기획• 플랫폼 개발 기획• 서비스 배포 및 운영,• 스타트업 경험자• 영어 능통자• 게임 앱 기획 경험자• 광고 플랫폼 기획 경험자,• 맥북 노트북• 자율출근제• 성과금,상시,강남구 삼성로 560,
https://wanted.co.kr/wd/143448,Mon Jan 30 2023 20:00:49 GMT+0900 (대한민국 표준시),릴리스타일(LiLi Style),LiLi Style은 인도네시아의 로컬 여성 의류 e-commerce platform으로 이미 백만명이 넘는 유저들이 사용해본 빠르게 성장하고 있는 앱을 운영하고 있습니다.인도네시아는 2억8천만명의 세계 4대 경제대국으로 전세계에서 가장 빠르게 Digitalization이 이루어지며 e-commerce가 급성장하고 있으며  젊은 인구구조와 두터운 중산층을 기반으로 투자자들에게 높은 관심을 받는 시장인 반면  아직 스타트업 생태계가 약해 경쟁이 덜한 매력적인 시장입니다.쿠팡과 같은 거대 커머스 기업들은 존재하지만 지그재그  에이블리와 같은 Vertical e-commerce 사업자가 없다는 기회를 포착하여 사업을 진행하고 있습니다.투자업계에서 일하며 동남아에서 조단위 수익의 IPO를 수행하고 테크투자를 담당했던 대표가 기회를 포착 창업하여 2022년 4월 350억 밸류로 100억의 시리즈 A 투자를 한국과 인도네시아 투자자들로 부터 유치하였고  카카오  오늘의 집 등 커머스 출신 개발자  PO  마케터를 중심으로 팀을 확장하고 있습니다.,백엔드 개발자,• ‘LiLi’앱을 위한 MSA 서버 어플리케이션을 개발해요.• PO와 함께 더 나은 프로덕트를 만들기 위해 필요한 작업을 해요.백엔드 기술 스택:• 언어 / 프레임워크: Golang / Gin  Typescript / NestJs• 인프라: AWS    - EKS에서 운영하고 istio를 통해서 트래픽을 관리하고 있어요.    - 데이터베이스: Aurora MySQL  Aurora PostgreSQL• 배포: Github action  ArgoCD를 이용해서 canary 배포 하고 있어요.• 모니터링: datadog  prometheus  grafana 등을 이용해서 Observability를 관리하고 있어요.전형 절차:• 서류 전형 → 리모트 미팅 → 기술 인터뷰 → 처우협의 → 최종 합격• 리모트 미팅은 지원자가 릴리 스타일에 대해서 궁금한것을 물어보고  서로의 fit을 확인하는 과정이에요.   약 30분간 진행될 예정이에요.• 기술 인터뷰는 지원자의 경험을 기반으로 기술 지식과 문제 해결 과정 등을 확인하는 과정이에요.   약 1시간 ~ 1시간 30분 정도 진행되며 별도의 코딩 테스트는 없어요.,• 문제 해결 역량을 보여주는 2년 이상의 경력• Golang  Python  Typescript  Javascript 중 1개 이상의 언어에 익숙하신 분• 뛰어난 커뮤니케이션 역량• 좋은 프로덕트를 만드는데 집중하고 그 과정에서 문제해결을 통해 같이 성장할수 있는 분,• 스쿼드 조직에서 다양한 직군의 동료들과 협업해본 경험이 있으신 분• 학습능력이 뛰어나신 분• 비즈니스 드리븐 개발을 지향하시는 분• 코드리뷰를 경험 해보신 분,• 직전 연봉 30% 인상• 스톡옵션 부여• 최신형 맥북 프로  모니터 지원• 리모트 근무 가능• 기술서적 구매 지원,상시,서울 강남구 테헤란로 431 저스트코타워 1-15층,
https://wanted.co.kr/wd/142703,Mon Jan 30 2023 20:00:53 GMT+0900 (대한민국 표준시),릴리스타일(LiLi Style),LiLi Style은 인도네시아의 로컬 여성 의류 e-commerce platform으로 이미 백만명이 넘는 유저들이 사용해본 빠르게 성장하고 있는 앱을 운영하고 있습니다.인도네시아는 2억8천만명의 세계 4대 경제대국으로 전세계에서 가장 빠르게 Digitalization이 이루어지며 e-commerce가 급성장하고 있으며  젊은 인구구조와 두터운 중산층을 기반으로 투자자들에게 높은 관심을 받는 시장인 반면  아직 스타트업 생태계가 약해 경쟁이 덜한 매력적인 시장입니다.쿠팡과 같은 거대 커머스 기업들은 존재하지만 지그재그  에이블리와 같은 Vertical e-commerce 사업자가 없다는 기회를 포착하여 사업을 진행하고 있습니다.투자업계에서 일하며 동남아에서 조단위 수익의 IPO를 수행하고 테크투자를 담당했던 대표가 기회를 포착 창업하여 2022년 4월 350억 밸류로 100억의 시리즈 A 투자를 한국과 인도네시아 투자자들로 부터 유치하였고  카카오  오늘의 집 등 유니콘 출신 개발자  PO  마케터를 중심으로 팀을 확장하고 있습니다.,프론트엔드 개발자,• 파트너 사이트  백오피스를 개발해요.• 서비스에 노출되는 웹뷰를 개발해요.• 사용자가 더 좋은 경험을 할수있게 고민해요.전형 절차:• 서류 전형 → 리모트 미팅 → 기술 인터뷰 → 처우협의 → 최종 합격• 리모트 미팅은 지원자가 릴리 스타일에 대해서 궁금한것을 물어보고  서로의 fit을 확인하는 과정이에요.   약 30분간 진행될 예정이에요.• 기술 인터뷰는 지원자의 경험을 기반으로 기술 지식과 문제 해결 과정 등을 확인하는 과정이에요.   약 1시간 ~ 1시간 30분 정도 진행되며 별도의 코딩 테스트는 없어요.,• 문제 해결 역량을 보여주는 2년 이상의 경력• React  Typescript 에 익숙하신 분• 뛰어난 커뮤니케이션 역량• 좋은 프로덕트를 만드는데 집중하고 그 과정에서 문제해결을 통해 같이 성장할수 있는 분,• 스쿼드 조직에서 다양한 직군의 동료들과 협업해본 경험이 있으신 분• 학습능력이 뛰어나신 분• 비즈니스 드리븐 개발을 지향하시는 분• 코드리뷰를 경험 해보신 분,• 직전 연봉 30% 인상• 스톡옵션 부여• 최신형 맥북 프로  모니터 지원• 리모트 근무 가능• 기술서적 구매 지원,상시,서울 강남구 테헤란로 431 저스트코타워 1-15층,
https://wanted.co.kr/wd/128566,Mon Jan 30 2023 20:00:56 GMT+0900 (대한민국 표준시),이노디스,Smart Biz  Smart Answer! 혁신적인 마인드  불굴의 도전정신  꺼지지 않는 열정  그리고  팀워크! 이노디스가 바라보는 인재상입니다. +함께 성정해 갈 인재라면 지금 도전하십시오. 이노디스는 2003년에 설립된 안정적인 기업으로 중소기업청이 선정한 우수중소기업입니다. 서울 송파구 송파대로 201(문정동)에 위치하고 있으며  사원수 약 40여명 규모의 회사입니다. 매년 공공 eBI 부문 40여개 사업을 수행중이며  온라인 및 모바일 서비스 구축  빅테이터 분석 기반 솔루션 개발과 브랜드 커뮤니케이션 등 사업을 하고 있습니다.• 근무일시 : 주 5일(월~금) 08:30~17:30• 근무지역 : (05854) 서울 송파구 송파대로 201 송파 테라타워2 A동 1319호(문정동) - 서울 8호선 문정역 에서 300m 이내• 전형절차 :  서류전형 -＞ 1차실무면접 -＞ 2차임원면접 -＞ 최종합격,공공기관 JAVA 웹개발 운영,• Web 개발 운영• 이슈 및 리스크 관리• 각 부서 간 협업 커뮤니케이션,• 경력 : 웹개발 경력 7년↑•  JSP/JAVA 3년 이상,• 공공기관 프로젝트 및 관련 업무 경험자•  Spring 또는 전자정부 프레임워크 경력자•  DB(Oracle  MySQL  MariaDB 등) 경력자•  팀장 경력자  PL 경력자,ㆍ티/커피바 운영ㆍ명절선물/경조사 지원ㆍ부서운영비/직무교육비 지원ㆍ업무관련 도서비 지원ㆍ독감예방주사 지원ㆍ반차/연차/대체휴무 제도 운영,2023.02.17,서울특별시 송파구 송파대로 201  테라타워2 A동 1319호,
https://wanted.co.kr/wd/133072,Mon Jan 30 2023 20:01:00 GMT+0900 (대한민국 표준시),이노디스,Smart Biz  Smart Answer! 혁신적인 마인드  불굴의 도전정신  꺼지지 않는 열정  그리고  팀워크! 이노디스가 바라보는 인재상입니다. +함께 성장해 갈 인재라면 지금 도전하십시오. 이노디스는 2003년에 설립된 안정적인 기업으로 중소기업청이 선정한 우수중소기업입니다. 서울 송파구 송파대로 201(문정동)에 위치하고 있으며  사원수 약 40여명 규모의 회사입니다. 매년 공공 eBI 부문 40여개 사업을 수행중이며  온라인 및 모바일 서비스 구축  빅테이터 분석 기반 솔루션 개발과 브랜드 커뮤니케이션 등 사업을 하고 있습니다.,JAVA 웹개발 구축,• 신규 사이트 구축 및 고도화• 이슈 및 리스크 관리• 각 부서 간 협업 커뮤니케이션,• 경력 : 웹개발 경력 3년↑,• Spring 또는 전자정부프레임워크 경력자• DB(Oracle  MySQL  MariaDB 등) 경력자,• 티/커피바 운영• 명절선물/경조사 지원• 부서운영비/직무교육비 지원• 업무관련 도서비 지원• 독감예방주사 지원• 반차/연차/대체휴무 제도 운영• 근무일시 : 주 5일(월~금) 08:30~17:30• 전형절차 :  서류전형 -＞ 1차면접(실무) -＞ 2차면접(임원) -＞ 최종합격 (협의가능),2023.02.17,서울특별시 송파구 송파대로 201  테라타워2 A동 1319호,
https://wanted.co.kr/wd/92979,Mon Jan 30 2023 20:01:04 GMT+0900 (대한민국 표준시),유섭,유섭은 2021년 영상 번역 서비스 고도화 프로젝트를 기반으로 시작되었습니다.현재 서브업(Subup)이라는 번역 의뢰 서비스를 운영하고 있으며 HYBE  카카오엔터  채널A 등 다수의 고객사와 함께 성장하는 중입니다.번역 서비스 업체를 직접 운영하며 얻은 시장에 대한 이해를 바탕으로 가장 적합한 자연어를 사용할 수 있는 번역 기능을 연구 및 개발하고 있으며 이를 활용하여 국내를 넘어 글로벌 시장을 향해 나아갈 웹 서비스(SaaS)를 제공하고자 합니다.현재 대부분 영상 제작자들은 90년대와 똑같은 방식으로 영상 자막 제작을 의뢰하고 있는 만큼  SaaS 기반의 영상 번역 플랫폼을 영상 제작자 및 기업에게 제공함으로써 영상 번역 및 자막 제작 분야에 새로운 가치를 더하는 것을 목표로 하고 있습니다.프로젝트 초기 단계부터 시작하여 새롭게 도전하고 동료와 함께 성장할 수 있는 기회를 만들어 나갈 수 있습니다. 성장과 도전을 동시에 경험할 열정을 가진 동료를 기다리고 있습니다.＜문화＞일을 즐기는 문화 지향사람 스트레스 없는 문화 지향가장 효율적인 방식으로 업무 진행수평 문화 | '님' 호칭,프론트엔드 개발자 Software Engineer (3년 이상),＜주요업무＞영상 편집기 웹사이트 신규 개발웹 서비스 성능 최적화＜Language | Framework＞Node.js (Next.js)HTML | CSS | JavaScript | TypeScriptReact  Recoil  Tailwind CSS＜Build / Deploy＞Jest  React-Testing-LibraryGithub actions＜Infrastructures＞Kubernetes  DockerAWS (S3  ECR  EC2),JavaScript  HTML  CSS에 대한 이해가 있으신 분Next.js / React 개발 경험이 있으신 분 Git을 올바르게 사용하고 이를 통한 협업이 가능하신 분프론트 개발경력 3년+,Recoil 등 상태 관리 라이브러리를 사용한 경험이 있으신 분 디자이너와 함께 협업을 통해 서비스 개발 경험이 있으신 분기본 영어 의사소통이 가능하신 분팀 리드 경험이 있으신 분,자유로운 휴가 사용 + 무제한 (무급) 휴가 주 40시간 유연 근무제 (자율 출근 시간 9am~11am)점심  간식 지원운동 등 자기개발비 지원노트북  키보드  마우스  모니터 지급 (1년에 100만원씩 장비 교체비 부여) 매년 건강 검진 지원 OTT 계정 제공 (10개+ Netflix  Watcha 등)함께 성장하는 반려식물 지원 (식물 선택 가능)6개월 연봉협상,상시,패스트파이브 강남 5호점 | 강남역 3번출구 보도 2분,
https://wanted.co.kr/wd/112033,Mon Jan 30 2023 20:01:08 GMT+0900 (대한민국 표준시),유섭,유섭은 2021년 영상 번역 서비스 고도화 프로젝트를 기반으로 시작되었습니다.현재 서브업(Subup)이라는 번역 의뢰 서비스를 운영하고 있으며 HYBE  카카오엔터  채널A 등 다수의 고객사와 함께 성장하는 중입니다.번역 서비스 업체를 직접 운영하며 얻은 시장에 대한 이해를 바탕으로 가장 적합한 자연어를 사용할 수 있는 번역 기능을 연구 및 개발하고 있으며 이를 활용하여 국내를 넘어 글로벌 시장을 향해 나아갈 웹 서비스(SaaS)를 제공하고자 합니다.현재 대부분 영상 제작자들은 90년대와 똑같은 방식으로 영상 자막 제작을 의뢰하고 있는 만큼  SaaS 기반의 영상 번역 플랫폼을 영상 제작자 및 기업에게 제공함으로써 영상 번역 및 자막 제작 분야에 새로운 가치를 더하는 것을 목표로 하고 있습니다.프로젝트 초기 단계부터 시작하여 새롭게 도전하고 동료와 함께 성장할 수 있는 기회를 만들어 나갈 수 있습니다. 성장과 도전을 동시에 경험할 열정을 가진 동료를 기다리고 있습니다.＜문화＞일을 즐기는 문화 지향사람 스트레스 없는 문화 지향가장 효율적인 방식으로 업무 진행수평 문화 | '님' 호칭,백엔드 개발자 Software Engineer (3년 이상),＜주요업무＞영상 편집기 솔루션 개발DB / 서버 관리＜Language | Framework＞Node.js (Next.js)  Python (FastAPI)HTML | CSS | JavaScript | TypeScriptReact  Recoil  Tailwind CSS＜Build / Deploy＞Github actionsJest  React-Testing-Library＜Infrastructures＞Kubernetes  DockerAWS (S3  ECR  EC2),AWS 사용경험이 있으신 분 (S3  EC2)데이터베이스 구축 경험이 있으신 분TTS / STT 관련 프로젝트 경험/관심이 있으신 분경력 3년 +,팀 리드 경험이 있으신 분새로운 기술에 관심이 많으신 분기본 영어 의사소통이 가능하신 분,자유로운 휴가 사용 + 무제한 (무급) 휴가 주 40시간 유연 근무제 (자율 출근 시간 9am~11am)점심  간식 지원운동 등 자기개발비 지원노트북  키보드  마우스  모니터 지급 (1년마다 100만원씩 장비 교체비 부여) OTT 계정 제공 (10개+ Netflix  Watcha 등)매년 건강 검진 지원 함께 성장하는 반려식물 지원 (식물 선택 가능)6개월 연봉협상,상시,서울특별시 강남구 도곡동 943-2 2층,
https://wanted.co.kr/wd/116444,Mon Jan 30 2023 20:01:12 GMT+0900 (대한민국 표준시),유섭,유섭은 2021년 영상 번역 서비스 고도화 프로젝트를 기반으로 시작되었습니다.현재 서브업(Subup)이라는 번역 의뢰 서비스를 운영하고 있으며 HYBE  카카오엔터  채널A 등 다수의 고객사와 함께 성장하는 중입니다.번역 서비스 업체를 직접 운영하며 얻은 시장에 대한 이해를 바탕으로 가장 적합한 자연어를 사용할 수 있는 번역 기능을 연구 및 개발하고 있으며 이를 활용하여 국내를 넘어 글로벌 시장을 향해 나아갈 웹 서비스(SaaS)를 제공하고자 합니다.현재 대부분 영상 제작자들은 90년대와 똑같은 방식으로 영상 자막 제작을 의뢰하고 있는 만큼  SaaS 기반의 영상 번역 플랫폼을 영상 제작자 및 기업에게 제공함으로써 영상 번역 및 자막 제작 분야에 새로운 가치를 더하는 것을 목표로 하고 있습니다.프로젝트 초기 단계부터 시작하여 새롭게 도전하고 동료와 함께 성장할 수 있는 기회를 만들어 나갈 수 있습니다. 성장과 도전을 동시에 경험할 열정을 가진 동료를 기다리고 있습니다.＜문화＞일을 즐기는 문화 지향사람 스트레스 없는 문화 지향가장 효율적인 방식으로 업무 진행수평 문화 | '님' 호칭,개발 리드 (6년 이상),＜주요업무＞AI 기반 프로젝트 연구 및 개발로드맵 수립 및 필요한 기술 검토＜Language | Framework＞Node.js (Next.js)  Python (FastAPI)HTML | CSS | JavaScript | TypeScriptReact  Recoil  Tailwind CSS＜Build / Deploy＞Github actionsJest  React-Testing-Library＜Infrastructures＞Kubernetes  DockerAWS (S3  ECR  EC2),AWS 사용경험이 있으신 분 (S3  EC2)TTS / STT 관련 프로젝트 경험 / 관심이 있으신 분프로젝트 개발 리드 경험이 있으신 분개발 실무 6년 이상 경험이 있으신 분개발 계획을 수립하고 이를 문서화해 구성원들과 원활한 소통이 가능한 분,기본 영어 의사소통이 가능하신 분,자유로운 휴가 사용 + 무제한 (무급) 휴가 주 40시간 유연 근무제 (자율 출근 시간 9am~11am)점심  간식 지원운동 등 자기개발비 지원노트북  키보드  마우스  모니터 지급 (1년에 100만원씩 장비 교체비 부여) 매년 건강 검진 지원 OTT 계정 제공 (10개+ Netflix  Watcha 등)함께 성장하는 반려식물 지원 (식물 선택 가능)6개월 연봉협상,상시,서울특별시 강남구 도곡동 943-2 2층,
https://wanted.co.kr/wd/78804,Mon Jan 30 2023 20:01:16 GMT+0900 (대한민국 표준시),데이콘,안녕하세요  한국 최초의 AI 해커톤 경진대회플랫폼 데이콘입니다!데이콘은 기업 혹은 기관들이 해결하지 못하는 데이터문제를 의뢰받아 경진대회를 개최하고 참가자들은 문제에 대한 솔루션을 제시하며 상금도 받을 수 있는 인공지능 경진대회 플랫폼을 운영하고 있습니다. 현재 회원수 7만명 이며 지속적으로 성장하는 커뮤니티를 지향합니다.아울러 데이터에 대한 교육이 필요한 기관·기업·학교 등에 인공지능 및 데이터 분석 실무 교육도 진행하고 있습니다.기존에 없었던 새로운 플랫폼인 만큼 데이콘은 단순히 `손이 빠른 사람`이 아닌 새로운 길을 함께 개척해 나갈 수 있는 분을 모시고자 합니다.3년 이상의 개발자를 모십니다. 수평적인 분위기 속에서 자신의 의견을 자유롭게 표현하실 수 있는 분이라면 누구든지 환영합니다!,백엔드 개발자,- node.js (react.js  express.js) 백엔드 서버 개발/최적화/테스트/배포/운영- postgresql/mySQL/mariaDB/Supabase 개발/최적화/테스트/운영- AWS 등 클라우드 인프라 운영/최적화  서버 로그 모니터링  장애 대응- 코드 리뷰 및 토의 (프론트엔드/기획 등과 협업),1. 대규모 프로덕션 환경에서  SQL에 대한 전문 소프트웨어 엔지니어링 경험2. 관계형 데이터베이스  SQL 및 쿼리 최적화 기술에 대한 전문가 수준의 이해 및 성능 문제 진단 및 예방 능력 입증3. SQL 내부에 대한 전문가 수준의 이해4. 복잡한 기술  아키텍처 및/또는 조직 문제에 대해 명확하고 간결하게 의사 소통하고 철저한 반복 솔루션을 제안하는 입증된 능력5. 고도로 민첩하고 반복적인 소프트웨어 개발 프로세스에서 편안하게 작업6. 장기적으로 조직에 온보딩 및 통합할 수 있는 입증된 능력7. 긍정적이고 솔루션 지향적인 마인드8. 효과적인 의사 소통 기술: 정기적으로 동료와 합의를 달성하고 명확한 상태 업데이트9. 제안  토론  실행을 포함하여 개념에서 생산까지 프로젝트를 소유한 경험.10. 조직력이 강하고 자기 주도적이며 자기 관리적 자세,- 최적화 역량(서버  데이터베이스) 별 차등 대우- 테스트 자동화 적용 및 코드 품질 개선에 적극적이신 분- 새로운 기능/도구를 빠르게 학습하여 적용 가능하신 분- 오픈소스 라이브러리/툴 사용에 관심 있는 분- 기획/디자인 관련 세부 업무 로직을 사용자 입장에서 주도적  독립적으로 개선 가능하신 분,- 4대보험- Stock option 제공,상시,서울특별시 영등포구 은행로 3 익스콘벤처타워 901호,
https://wanted.co.kr/wd/116391,Mon Jan 30 2023 20:01:20 GMT+0900 (대한민국 표준시),브이엔티지,▶︎ VNTG 소개VNTG는 Digital tech와 사업화 역량을 통해 NEXT을 위한 '신성장 동력'을 만드는 Digital Transformation 전문기업입니다. 우리는 "Success Companion for the Game-Changers" 라는 비전을 달성하기 위해 다양한 기업의 혁신을 돕고  그들의 성공 파트너가 되어 이 세상을 더 나은곳으로 만들 수 있다는 믿음을 가지고 있습니다.VNTG의 비전 달성에 동참하고  최고의 역량을 가진 팀원들과 같이 성장하며 가슴 뛰는 혁신의 순간들을 함께 할 동료를 모시고자 합니다 :)▶︎ VNTG 사업 소개VNTG는 제조산업에 특화된 디지털 혁신을 실행하는 기술 전문 그룹과 새로운 아이디어와 시장을 찾아 성과를 만드는 사업개발 전문 그룹으로 구성되어 있습니다. [ 제조산업 전문 DT 플랫폼 사업  B2B ]제조DT사업 조직은 많은 산업 중에서도 제조산업에 특화된 Digital Transformation을 표방합니다. 빅데이터 분석  전문 컨설턴트와 다년간 제조 현장 프로젝트를 경험한 IT 개발자들로 구성된 조직은 제조DT의 핵심인 도메인 지식과 IT의 융합에 최적화되어 있습니다.전통적으로 제조 강국이던 우리나라가 제조업의 부가가치율이 하락하고 노동인력의 고령화와 임금상승의 문제 등으로 이미 국제 경쟁력에 한 차례 위기를 겪었으며  타업종에 비해 늦은 디지털 혁신으로 다시 한번 위기를 맞고 있습니다.우리는 제조산업의 이런 위기 상황을 Digital Tech를 통해 극복하고 새로운 가치를 더함으로써 글로벌 경쟁력과 신성장 동력을 갖추는데 성공 동반자가 되고자 합니다.[ 온라인 신사업 개발  B2C ]VNTG 내에서 새로운 시도를 하는  어느 스타트업보다 스타트업스럽게 일하는 사람들이 자체 신사업 개발을 진행 중입니다. 화해  캐시슬라이드  번개장터 등 직접 새로운 서비스를 성공시키고 네이버  블랭크 등의 플랫폼에서 다양한 경험을 한 사람들이 모여 신사업 아이템을 찾고 빠르게 시장에 진입  가능성을 테스트하고 결과를 측정합니다. 우리는 이런 시도를 통해 성공적인 서비스를 만들어 내고 이를 바탕으로 온라인 신사업을 성공시키기 위한 기업에게 실질적인 노하우와 인프라를 제공하는 성공 동반자가 되고자 합니다.▶︎ VNTG의 [스마트인프라팀]은  스마트인프라팀은  기술본부(VNTG에서 시스템/플랫폼/인프라 개발  관리 및 연구활동을 하는 조직) 산하의  IT인프라 및 네트워크를 총괄하고 기술지원하는 조직이며 주로 고객사의 인프라 관리를 하고 있습니다. 현재 IDC 및 AWS/GCP 등의 퍼블릭 클라우드 인프라를 함께 관리하고 있으며 하이브리드 형태로 구성을 하고 있습니다. 향후 Infrastructure 개발 및 운영 표준화 작업  IaC 기반의 자동화된 인프라 구축  인프라 관리 체계를 고도화하는 업무 등의 작업을 많이 하게 될 예정입니다.,[가산근무] 시스템 엔지니어 (3년 이상),[주요업무]-가상화 시스템(VMware)의 구성 및 유지 관리-서버 및 데이터베이스   - Windows Server 및 Linux 계열의 설치 및 유지 관리   - Oracle  MS-SQL DBMS 의 설치 및 장애 처리  데이터 이관 등의 DB 엔지니어의 역할[전형절차]서류전형 ＞  AI역량검사 & 실무면접 ＞ Culture FIT 면접 ＞ 최종합격,-VMware 기반 가상화 시스템 유지 관리 경험-업무에 필요한 네트워크 지식   - IP 및 Subnet 에 대한 이해   - Routing 및 VPN 에 대한 이해,▪ 1개 이상의 DBMS 경험자▪ 관련 전공자 및 IT자격증 소지자(정보처리기사  OCP  CCNP 등)▪ on-premise와 AWS  GCP 등 public cloud 연동 경험▪ 컨플루언스  노션 등 업무관련 문서 작성 경험,【 성장을 응원해요 】-도서 구입비 ) 도서 구입은 원하는 만큼  구입 절차는 심플하게! 좋은 책은 함께 공유해요-사내/외 교육비 ) 구성원이 지속 성장할 수 있도록 넉넉한 교육비를 지원합니다-자격증 상금 ) 직무 연관 자격증 취득 시 축하 상금을 지원해드립니다【 Wellness를 응원해요 】-심리상담 ) 구성원의 마음 건강을 위해 온/오프라인 심리상담 프로그램을 지원합니다-건강검진 ) 구성원의 건강관리를 위한 종합건강검진 비용을 지원합니다【 충분한 휴식을 응원해요 】-Refresh휴가 ) 생일 (또는 결혼기념일)  샌드위치 데이  3/6/9년 장기근속자에게는 유급휴가를 제공합니다-아이 돌봄 휴가 ) 자녀와 소중한 순간을 함께하세요. 자녀의 초등학교 입학 및 방학 시점에 유급휴가를 제공합니다-여름 휴가비 ) 여행을 더 즐겁게! 열심히 일한 직원분들에게 넉넉한 여름 휴가비를 지원합니다자율적인 연차 사용 ) 업무에 지장만 없다면 연차 사용은 눈치 보지 않고 자유롭게 씁니다【 Life Event를 함께해요 】-경조사 ) 축하와 위로를 위한 경조사비  경조 화환  경조 휴가를 지원합니다-출산 축하 선물 ) 구성원 혹은 배우자의 출산을 축하하기 위한 선물을 지원합니다【 기타 복지 】-직원 제휴 할인 프로그램 ) 각종 리조트  패밀리 레스토랑 등 다양한 제휴 할인 혜택을 지원합니다【 근무 조건  】 -근무형태 : 정규직 (수습기간 12주)-근무시간 : 주 5일(월~금)  9:00-18:00 (*각 부서직무에 따라 일부변동가능),상시,서울 금천구 디지털로9길 46  12층 (이앤씨드림타워7차),
https://wanted.co.kr/wd/116389,Mon Jan 30 2023 20:01:23 GMT+0900 (대한민국 표준시),브이엔티지,▶︎ VNTG 소개VNTG는 제조산업에 특화된 디지털 혁신(DT ; Digital Transformation)을 실행하는 기술전문회사입니다.  우리는 제조현장의 빅데이터 분석   AI와 빅데이터 솔루션 개발을 진행하며  제조 현장 프로젝트를 다년간 경험한 IT 개발자들이 모여 새로운 시스템과 플랫폼 개발을 수행합니다. 이와동시에  사업개발부서를 운영하며 새로운 아이템을 찾아 신사업 발굴에 집중함으로써 새로운 시장에 보다 빠르게 진입할수 있도록 가능성을 테스트하고 결과를 측정합니다. VNTG에서는  최고의 역량을 가진 팀원들과 같이 성장하며  가슴 뛰는 혁신의 순간들을 함께 할 동료를 기다립니다.▶︎ VNTG의 [스마트인프라팀]은  스마트인프라팀은  기술본부(VNTG에서 시스템/플랫폼/인프라 개발  관리 및 연구활동을 하는 조직) 산하의  IT인프라 및 네트워크를 총괄하고 기술지원하는 조직이며 주로 고객사의 인프라 관리를 하고 있습니다. 현재 IDC 및 AWS/GCP 등의 퍼블릭 클라우드 인프라를 함께 관리하고 있으며 하이브리드 형태로 구성을 하고 있습니다. 향후 Infrastructure 개발 및 운영 표준화 작업  IaC 기반의 자동화된 인프라 구축  인프라 관리 체계를 고도화하는 업무 등의 작업을 많이 하게 될 예정입니다.,[가산근무] 네트워크 엔지니어 (3년 이하),[주요업무]- 네트워크 인프라의 유지관리- 네트워크 인프라 아키텍처 디자인 설계  예산수립  구축 지원- 레거시 네트워크 환경의 SDN  SD-WAN  Wifi6E  5G 등 현대화- 지속적인 모니터링을 통한 망 최적화 및 이슈 대응 진행[전형절차]서류전형 ＞ AI역량검사 & 실무면접 ＞ Culture FIT 면접 ＞ 최종합격,• 라우팅 프로토콜  스위칭 프로토콜  무선랜 운영 경험• Layer2/Layer3 스위치   방화벽  VPN 장비 운영 경험,-  네트워크  Cisco 관련 자격증 소지자-  SDN  SD-WAN 개념에 대한 이해-  on-premise와 AWS  GCP 등 public cloud의 네트워크 연결 경험-  소프트웨어 개발 경험-  컨플루언스 등 문서 작성에 대한 이해,[VNTG에 합류하는 여정] * 서류 전형 ＞ AI역량검사 및 실무 면접 ＞ Culture FIT 면접 ＞ 최종 합격[복지 제도]1) 성장을 응원해요-도서 구입비 ) 도서 구입은 원하는 만큼  구입 절차는 심플하게! 좋은 책은 함께 공유해요-사내/외 교육비 ) 구성원이 지속 성장할 수 있도록 넉넉한 교육비를 지원합니다-자격증 상금 ) 직무 연관 자격증 취득 시 축하 상금을 지원해드립니다2) Wellness를 드려요-심리상담 ) 구성원의 마음 건강을 위해 온/오프라인 심리상담 프로그램을 지원합니다-건강검진 ) 구성원의 건강관리를 위한 종합건강검진 비용을 지원합니다-직원 제휴 할인 프로그램 ) 각종 리조트  패밀리 레스토랑 등 다양한 제휴 할인 혜택을 지원합니다.3) 충분한 휴식을 누리세요-Refresh 휴가 ) 생일 (또는 결혼기념일)  샌드위치 데이  3/6/9년 장기근속자에게는 유급휴가를 제공합니다-아이 돌봄 휴가 ) 자녀와 소중한 순간을 함께하세요. 자녀의 초등학교 입학 및 방학 시점에 유급휴가를 제공합니다-여름 휴가비 ) 여행을 더 즐겁게! 열심히 일한 직원분들에게 넉넉한 여름 휴가비를 지원합니다자율적인 연차 사용 ) 업무에 지장만 없다면 연차 사용은 눈치 보지 않고 자유롭게 씁니다4) Life Event를 함께해요-경조사 ) 축하와 위로를 위한 경조사비  경조 화환  경조 휴가를 지원합니다-출산 축하 선물 ) 구성원 혹은 배우자의 출산을 축하하기 위한 선물을 지원합니다[우리는 이런 문화를 가지고 있습니다]‘-님’호칭 사용 :  대표부터 인턴까지 모든 직원이 평등한 호칭 하에 수평적으로 일합니다.- 자율과 책임 :  모든 구성원이 성숙한 개인으로서 자율적으로 책임감을 갖고 업무와 관계에 임합니다.- 소통 중시  상호 존중 :  자유로운 의견 개진  직원 간 티키타카를 사랑합니다.- Professionalism :  모든 직원이 프로입니다. 업무에 주인의식을 갖고 최선의 결과를 위해 임합니다.[VNTG 는 장애인 채용을 환영합니다]누구나 어떤 상황에서는 도움이 필요한 약자 일수 있습니다. VNTG는 사회적 배려가 필요한 장애인 채용을 적극 지원함으로 장애가 있는 분들도 어떠한 차별없이 동등하게 일할수 있는 기회와 환경을 제공합니다. [VNTG 에 대해 더 자세히 알고 싶다면]* 블로그:[근무조건]*근무형태 : 정규직 (수습기간 12주  수습기간에도 급여는 동일하게 지급됩니다.)*근무일시 : 주 5일(월~금)  9:00-18:00 (*유연근무제운영으로 부서별 출퇴근 시간 일부 상이)[유의 사항]입사 지원 서류에 허위사실이 발견될 경우  채용 확정 이후라도 채용이 취소될 수 있습니다.장애인의 경우  관계 법령에 의거하여 우대합니다.,상시,서울 금천구 디지털로9길 46  12층 (이앤씨드림타워7차),
https://wanted.co.kr/wd/143799,Mon Jan 30 2023 20:01:27 GMT+0900 (대한민국 표준시),브이엔티지,▶︎ VNTG 소개VNTG는 제조산업에 특화된 디지털 혁신(DT ; Digital Transformation)을 실행하는 기술전문회사입니다.  우리는 제조현장의 빅데이터 분석   AI와 빅데이터 솔루션 개발을 진행하며  제조 현장 프로젝트를 다년간 경험한 IT 개발자들이 모여 새로운 시스템과 플랫폼 개발을 수행합니다. 이와동시에  사업개발부서를 운영하며 새로운 아이템을 찾아 신사업 발굴에 집중함으로써 새로운 시장에 보다 빠르게 진입할수 있도록 가능성을 테스트하고 결과를 측정합니다. VNTG에서는  최고의 역량을 가진 팀원들과 같이 성장하며  가슴 뛰는 혁신의 순간들을 함께 할 동료를 기다립니다.▶︎ VNTG의 [스마트제조창원센터]는  ▪ 세아제강(포항  군산  창원  순천)의 MES 및 협력사 시스템 및 세아특수강(포항  충주) ERP 시스템을 고객사에서 효율적으로 사용할 수 있도록 운영 및 유지보수 사업을 수행하는 부서입니다.,[창원근무] MES 운영자 (C#  Java  Javascript스킬보유자),• 세아제강 순천 공장 MES 개발 및 유지보수• 세아제강 순천 공장 협력사 시스템 유지보수• 실무이슈 발생 시 문제해결 및 업무가이드 진행• 유관시스템 연계 운영 및 개선  개발,• VNTG와 우리가 하는일에 관심이 있는 분 • C# 또는 Java를 이용한 웹 어플리케이션 개발능력• javascript 이용하여 Frontend 개발 경험• 동료들과의 원만한 커뮤니케이션 능력,• 보유한 기술로 Full-stack (Frontend-Backend) 개발 가능 (DB설계  Infra 관련 제외)• 1개 이상의 프로그래밍 언어로 Web Service 또는 RESTful API 개발 경험• RDBMS와 Transaction에 대한 이해• SQL 작성 가능• 제조업 도메인 지식 보유,[VNTG에 합류하는 여정] * 서류 전형 ＞ AI역량검사 및 실무 면접 ＞ Culture FIT 면접 ＞ 최종 합격[복지 제도]1) 성장을 응원해요-도서 구입비 ) 도서 구입은 원하는 만큼  구입 절차는 심플하게! 좋은 책은 함께 공유해요-사내/외 교육비 ) 구성원이 지속 성장할 수 있도록 넉넉한 교육비를 지원합니다-자격증 상금 ) 직무 연관 자격증 취득 시 축하 상금을 지원해드립니다2) Wellness를 드려요-심리상담 ) 구성원의 마음 건강을 위해 온/오프라인 심리상담 프로그램을 지원합니다-건강검진 ) 구성원의 건강관리를 위한 종합건강검진 비용을 지원합니다-직원 제휴 할인 프로그램 ) 각종 리조트  패밀리 레스토랑 등 다양한 제휴 할인 혜택을 지원합니다.3) 충분한 휴식을 누리세요-Refresh 휴가 ) 생일 (또는 결혼기념일)  샌드위치 데이  3/6/9년 장기근속자에게는 유급휴가를 제공합니다-아이 돌봄 휴가 ) 자녀와 소중한 순간을 함께하세요. 자녀의 초등학교 입학 및 방학 시점에 유급휴가를 제공합니다-여름 휴가비 ) 여행을 더 즐겁게! 열심히 일한 직원분들에게 넉넉한 여름 휴가비를 지원합니다자율적인 연차 사용 ) 업무에 지장만 없다면 연차 사용은 눈치 보지 않고 자유롭게 씁니다4) Life Event를 함께해요-경조사 ) 축하와 위로를 위한 경조사비  경조 화환  경조 휴가를 지원합니다-출산 축하 선물 ) 구성원 혹은 배우자의 출산을 축하하기 위한 선물을 지원합니다[우리는 이런 문화를 가지고 있습니다]‘-님’호칭 사용 :  대표부터 인턴까지 모든 직원이 평등한 호칭 하에 수평적으로 일합니다.- 자율과 책임 :  모든 구성원이 성숙한 개인으로서 자율적으로 책임감을 갖고 업무와 관계에 임합니다.- 소통 중시  상호 존중 :  자유로운 의견 개진  직원 간 티키타카를 사랑합니다.- Professionalism :  모든 직원이 프로입니다. 업무에 주인의식을 갖고 최선의 결과를 위해 임합니다.[VNTG 는 장애인 채용을 환영합니다]누구나 어떤 상황에서는 도움이 필요한 약자 일수 있습니다. VNTG는 사회적 배려가 필요한 장애인 채용을 적극 지원함으로 장애가 있는 분들도 어떠한 차별없이 동등하게 일할수 있는 기회와 환경을 제공합니다. [VNTG 에 대해 더 자세히 알고 싶다면]* 블로그: https://blog.vntgcorp.com/[근무조건]*근무형태 : 정규직 (수습기간 12주  수습기간에도 급여는 동일하게 지급됩니다.)*근무일시 : 주 5일(월~금)  9:00-18:00 (*유연근무제운영으로 부서별 출퇴근 시간 일부 상이)[유의 사항]입사 지원 서류에 허위사실이 발견될 경우  채용 확정 이후라도 채용이 취소될 수 있습니다.장애인의 경우  관계 법령에 의거하여 우대합니다.,2023.02.10,성산구 공단로 280 세아제강 창원공장 내 VNTG사무실(웅남동),
https://wanted.co.kr/wd/110063,Mon Jan 30 2023 20:01:31 GMT+0900 (대한민국 표준시),커넥틀리(Connectly),명품씬의 진짜 문제 제대로 썰어볼 개발자 모십니다!느슨해진 명품씬에 긴장감을 불러일으킬 날카로운 검과 같은 팀  커넥틀리입니다!커넥틀리는 연 10조 병행수입 명품 시장의 비효율적 유통구조를 혁신할 거예요. 이를 위해 즉시 수익을 창출하는 B2B2C 플랫폼을 목표로 달리고 있어요.그 첫 번째로 ‘비본’이라는 B2C 커머스 몰을 22년 10월 말 공개했어요. 그리고 40일 만에 누적 거래액 약 2.5억을 달성하며 시장 검증을 해나가고 있죠. 그 전엔 얼어붙은 2022년 VC 투자 환경 속에서도 퓨처플레이  신한캐피탈  키움증권  유안타 인베스트먼트로부터 아이디어만으로 22억 투자를 유치했어요.이제 진짜 문제인 명품 병행수입 유통구조의 혁신을 위한 B2B 플랫폼을 만들 거예요. 자생할 수 있는 버티컬 비즈니스를 완성하는 단계로 바로 건너뛰려고 준비하는 거죠.이 문제를 풀기 위해  13년간 명품 수입 유통업체를 밑바닥부터 일궈내신 사업가  이베이코리아/큐텐/위메프/오늘의집을 거친 이커머스 마케팅 전문가  삼성SDS/이베이코리아를 거치며 이커머스 플랫폼에 잔뼈가 굵으신 개발자  NHN을 거쳐 핀테크 플랫폼 피플펀드의 초창기 설계부터 풀 스택 개발을 해오셨던 제품 전문가 등 다양한 분이 모였답니다.그래서 명품 시장에서 풀어야하는 핵심 문제가 정확히 뭘까요?단 하나  가격이에요!명품 고객들은 이미 구매하고 싶은 상품을 빠삭하게 알고 계신 분들이에요. 그런데 만약 최저가로 파는 곳이 있다면? 당연히 구매버튼을 눌러주시겠죠!그렇다면 가격 문제는 어떻게 해결할 수 있을까요?명품 병행수입 셀러 분들을 도와드려야해요.1. 함께 글로벌 최상위 도매업체에 오더를 넣어 협상력을 갖출 수 있는 B2B 플랫폼의 부재2. 잘 팔리는  팔고 싶은 상품을 미리 파악하고 상품 생산 전에 오더를 넣어 더 낮은 가격에 상품을 가져올 수 있는 데이터 분석력의 부재3. 팔지 못한 악성 재고를 현금화하여 사업 자금으로 활용할 수 있는 금융 시장 활용 시스템의 부재셀러 분들은 명품의 판매 하나는 정점에 오른 분들이에요. 하지만 위 세 가지의 문제를 가지고 계시죠.위 문제를 누군가 해결할 수 있다면 비용을 절감할 수 있을거예요. 절감된 비용만큼 고객이 구매할 최종 가격을 낮출 수 있겠죠.시장의 문제를 발견한 이상 해결하지 못하면 잠이 오지 않는 소수의 열정적인 사람들이 모인 곳  커넥틀리가 명품씬의 진짜 문제를 풀어보기 위해 탄생했습니다.그리고  함께 날카로운 검을 만들어 문제를 썰어볼 동료를 찾고 있습니다![테크 스택]- 큰 성장을 위한 MSA 기반의 설계와 Message-Driven 설계를 적용 중입니다.- Back-end 서비스 개발 : Spring Boot / Kafka / Docker / EKS / Elastic Search / Redis / Mysql 등을 사용하여 B2C 서비스의 MVP를 출시했으며  B2B 서비스를 초기 설계부터 23년 2분기에 시작할 예정입니다. B2B 서비스는 합류 이후 기술 스택을 논의하여 결정할 예정입니다.- Front-end 서비스 개발 : React.js / Node.js를 사용하여 백오피스 및 웹 개발을 하고 있습니다.- 모바일 APP 개발 : Flutter를 사용하여 Android/iOS 개발을 하고 있습니다.,신규서비스 Software Engineer (웹 개발자),• 명품 이커머스 플랫폼 beborn의 B2C&B2B 시스템 개발,• 4년 이상의 웹 기반 소프트웨어 개발 경력이 있으신 분• 1개 이상의 웹 프레임워크를 운영 단계에서 경험해 보신 분• Back-end  Front-end의 경계 없이 업무를 진행할 수 있으신 분 (한 쪽의 실무 경험만 보유해도 무관)• 고객에게 가치 있는 제품을 만들기 위해 함께 고민하고 실행하실 수 있으신 분• 상호 존중하며 상대의 입장에서 생각하며 소통하실 수 있으신 분• 동료를 신뢰하며 즐겁게 일할 수 있는 환경을 만들 수 있으신 분,• E-Commerce 상품  결제 관련 경험이 있으신 분• AWS  Docker  Kubernetes  Kafka  Redis  mySQL 등 devops 경험이 있으신 분• Python 기반 크롤링  머신러닝 개발 경험이 있으신 분,1. 시간은 금이다 -탄력근무제 (오전8시 ~ 오전 11시 사이 언제든지 출근 가능): 시간에 쫓기는 출.퇴근은 없다. 회사에 다니면서도 각자의 시간을 자유롭게 활용하도록 탄력근무제를 시행합니다.-자유로운 연차 사용: 연차는 커넥틀리 임직원 분들의 특권. 아무도 그 것을 막을 순 없다. 팀원들에게 사전공유해 주는 센스만 챙겨주세요! 연차는 물론 반차 까지 사용 가능! 2. 탄생일은 무엇과도 바꿀 수 없다 : 모두가 모여 생일을 축하하는 생일파티가 열립니다!: 주인공에게는 생일기념 상품권을 제공한답니다.: 생일 반차까지 추가로 지급! 3. HIP한 복지 -야근식대 및 교통비 지원: 커넥틀리는 야근없는 삶을 추구합니다. 하지만 혹여 야근을 해야 하는 팀원들을 위해 따뜻한 식사와 편안한 퇴근길을 위한 복지를 준비했어요. 4. 커넥틀리의 마음을 담은 특별 복지 -각종 경조사비 지원: 커넥틀리 임직원 분들이 기쁠 때나 슬플 때나 언제든 함께한다는 마음으로 각종 경조사비를 지원해요.-건강검진 지원: 커넥틀리 임직원 분들의 건강은 우리가 책임진다. 매년 지정된 업체에서 건강검진을 받을 수 있도록 지원해요.-음료  커피  간식 무제한 지원: 당이 떨어질 때  카페인이 필요할 때  속이 출출할 때 커넥틀리에서 비치한 각종 간식들과 음료를 무제한으로 제공!! 5. 커넥틀리에서 고민해서 준비한 복지 -통신비 지원: 5G 도입되면서 높아진 통신요금을 커넥틀리에서 함께 부담합니다!! (매달 5만원 지원)-점심식사 지원: 코로나19로 외부식사가 꺼려질 커넥틀리 임직원분들을 위한 새로운 복지! 점심 고민 없이 편하게 식사시간을 즐기세요! 매일 식사를 배달로 주문해드립니다 :),상시,테헤란로 415  2층 203호 204호 (스파크플러스 선릉점),
https://wanted.co.kr/wd/144252,Mon Jan 30 2023 20:01:34 GMT+0900 (대한민국 표준시),커넥틀리(Connectly),명품씬의 진짜 문제 제대로 썰어볼 개발자 모십니다!느슨해진 명품씬에 긴장감을 불러일으킬 날카로운 검과 같은 팀  커넥틀리입니다!커넥틀리는 연 10조 병행수입 명품 시장의 비효율적 유통구조를 혁신할 거예요. 이를 위해 즉시 수익을 창출하는 B2B2C 플랫폼을 목표로 달리고 있어요.그 첫 번째로 ‘비본’이라는 B2C 커머스 몰을 22년 10월 말 공개했어요. 그리고 40일 만에 누적 거래액 약 2.5억을 달성하며 시장 검증을 해나가고 있죠. 그 전엔 얼어붙은 2022년 VC 투자 환경 속에서도 퓨처플레이  신한캐피탈  키움증권  유안타 인베스트먼트로부터 아이디어만으로 22억 투자를 유치했어요.이제 진짜 문제인 명품 병행수입 유통구조의 혁신을 위한 B2B 플랫폼을 만들 거예요. 자생할 수 있는 버티컬 비즈니스를 완성하는 단계로 바로 건너뛰려고 준비하는 거죠.이 문제를 풀기 위해  13년간 명품 수입 유통업체를 밑바닥부터 일궈내신 사업가  이베이코리아/큐텐/위메프/오늘의집을 거친 이커머스 마케팅 전문가  삼성SDS/이베이코리아를 거치며 이커머스 플랫폼에 잔뼈가 굵으신 개발자  NHN을 거쳐 핀테크 플랫폼 피플펀드의 초창기 설계부터 풀 스택 개발을 해오셨던 제품 전문가 등 다양한 분이 모였답니다.그래서 명품 시장에서 풀어야하는 핵심 문제가 정확히 뭘까요?단 하나  가격이에요!명품 고객들은 이미 구매하고 싶은 상품을 빠삭하게 알고 계신 분들이에요. 그런데 만약 최저가로 파는 곳이 있다면? 당연히 구매버튼을 눌러주시겠죠!그렇다면 가격 문제는 어떻게 해결할 수 있을까요?명품 병행수입 셀러 분들을 도와드려야해요.1. 함께 글로벌 최상위 도매업체에 오더를 넣어 협상력을 갖출 수 있는 B2B 플랫폼의 부재2. 잘 팔리는  팔고 싶은 상품을 미리 파악하고 상품 생산 전에 오더를 넣어 더 낮은 가격에 상품을 가져올 수 있는 데이터 분석력의 부재3. 팔지 못한 악성 재고를 현금화하여 사업 자금으로 활용할 수 있는 금융 시장 활용 시스템의 부재셀러 분들은 명품의 판매 하나는 정점에 오른 분들이에요. 하지만 위 세 가지의 문제를 가지고 계시죠.위 문제를 누군가 해결할 수 있다면 비용을 절감할 수 있을거예요. 절감된 비용만큼 고객이 구매할 최종 가격을 낮출 수 있겠죠.시장의 문제를 발견한 이상 해결하지 못하면 잠이 오지 않는 소수의 열정적인 사람들이 모인 곳  커넥틀리가 명품씬의 진짜 문제를 풀어보기 위해 탄생했습니다.그리고  함께 날카로운 검을 만들어 문제를 썰어볼 동료를 찾고 있습니다![테크 스택]- 큰 성장을 위한 MSA 기반의 설계와 Message-Driven 설계를 적용 중입니다.- Back-end 서비스 개발 : Spring Boot / Kafka / Docker / EKS / Elastic Search / Redis / Mysql 등을 사용하여 B2C 서비스의 MVP를 출시했으며  B2B 서비스를 초기 설계부터 23년 2분기에 시작할 예정입니다. B2B 서비스는 합류 이후 기술 스택을 논의하여 결정할 예정입니다.- Front-end 서비스 개발 : React.js / Node.js를 사용하여 백오피스 및 웹 개발을 하고 있습니다.- 모바일 APP 개발 : Flutter를 사용하여 Android/iOS 개발을 하고 있습니다.,신규서비스 서버 개발자 (Backend Engineer),• 명품 이커머스 플랫폼 beborn의 B2B 시스템 개발,• 4년 이상의 웹 기반 소프트웨어 개발 경력이 있으신 분• 1개 이상의 웹 프레임워크를 운영 단계에서 경험해 보신 분• 고객에게 가치 있는 제품을 만들기 위해 함께 고민하고 실행하실 수 있으신 분• 상호 존중하며 상대의 입장에서 생각하며 소통하실 수 있으신 분• 동료를 신뢰하며 즐겁게 일할 수 있는 환경을 만들 수 있으신 분,• E-Commerce 상품  결제 관련 경험이 있으신 분• AWS  Docker  Kubernetes  Kafka  Redis  mySQL 등 devops 경험이 있으신 분• Python 기반 크롤링  머신러닝 개발 경험이 있으신 분,1. 시간은 금이다 -탄력근무제 (오전8시 ~ 오전 11시 사이 언제든지 출근 가능): 시간에 쫓기는 출.퇴근은 없다. 회사에 다니면서도 각자의 시간을 자유롭게 활용하도록 탄력근무제를 시행합니다.-자유로운 연차 사용: 연차는 커넥틀리 임직원 분들의 특권. 아무도 그 것을 막을 순 없다. 팀원들에게 사전공유해 주는 센스만 챙겨주세요! 연차는 물론 반차 까지 사용 가능! 2. 탄생일은 무엇과도 바꿀 수 없다 : 모두가 모여 생일을 축하하는 생일파티가 열립니다!: 주인공에게는 생일기념 상품권을 제공한답니다.: 생일 반차까지 추가로 지급! 3. HIP한 복지 -야근식대 및 교통비 지원: 커넥틀리는 야근없는 삶을 추구합니다. 하지만 혹여 야근을 해야 하는 팀원들을 위해 따뜻한 식사와 편안한 퇴근길을 위한 복지를 준비했어요. 4. 커넥틀리의 마음을 담은 특별 복지 -각종 경조사비 지원: 커넥틀리 임직원 분들이 기쁠 때나 슬플 때나 언제든 함께한다는 마음으로 각종 경조사비를 지원해요.-건강검진 지원: 커넥틀리 임직원 분들의 건강은 우리가 책임진다. 매년 지정된 업체에서 건강검진을 받을 수 있도록 지원해요.-음료  커피  간식 무제한 지원: 당이 떨어질 때  카페인이 필요할 때  속이 출출할 때 커넥틀리에서 비치한 각종 간식들과 음료를 무제한으로 제공!! 5. 커넥틀리에서 고민해서 준비한 복지 -통신비 지원: 5G 도입되면서 높아진 통신요금을 커넥틀리에서 함께 부담합니다!! (매달 5만원 지원)-점심식사 지원: 코로나19로 외부식사가 꺼려질 커넥틀리 임직원분들을 위한 새로운 복지! 점심 고민 없이 편하게 식사시간을 즐기세요! 매일 식사를 배달로 주문해드립니다 :),상시,테헤란로 415  2층 203호 204호 (스파크플러스 선릉점),
https://wanted.co.kr/wd/140435,Mon Jan 30 2023 20:01:38 GMT+0900 (대한민국 표준시),에이제이네트웍스,AJ네트웍스는 IT기기와 건설장비  물류용 파렛트를 주력으로 하는 국내 최대 종합 렌탈 기업입니다.# 국내 최대 렌탈 기업   - 자산 운영 규모 7천억원  150 000여 고객사에 최적화 된 렌탈 제품은 신속하고 안정적으로 공급하며  우수한 자산관리 역량을 인정 받고 있습니다.# 오랜 운영 노하우   - 20여 년간 축적한 렌탈 자산 운영 전문성을 바탕으로 고객의 요구에 맞는 통합 서비스 플랫폼을 구축하고 다양한 산업에서 생산성 향상과 효율적인 업무를 지원합니다.# 업계 최초 유가증권 상장   - 지난 2015년 업계 최초로 유가증권 시장에 상장하며 시장의 선도적 사업자로 자리매김 하고 있습니다. 고객과 회사가 함께 성장하고 나눌 수 있도록 최선을 다하겠습니다.# 세계와 함께하는 글로벌 브랜드   - 업계 최상위 시장점유율을 기반으로 미국  베트남 등 렌탈수요와 성장률이 높은 지역으로 진출  현지 파트너쉽 기반의 확장으로 글로벌 시장 경쟁력을 강화하고 있습니다.,IT 개발/운영 담당자,[IT 개발/운영]• ERP 외 대외 서비스 유지보수 및 신규개발• PRS(파렛트 렌탈 시스템) 유지보수 및 신규개발• 모바일 앱 유지보수 및 신규 개발• 효율적인 개발환경 구축 및 시스템 개선,• 초대졸 이상• 백엔드 개발 및 운영 경력 3년 이상• Java  Spring framework 개발 경력 3년 이상• Javascript  HTML  CSS 활용 가능자• SQL server  MySQL 등 RDBMS 사용 경험자,• React.js  Vue.js 개발 경험자• Git  Jira  Confluence 등 협업 툴 사용 경험• 관련분야 자격증 소지자• 컴퓨터공학 및 전산 관련 전공자,• 보상제도: 각종 수당 별도지급  장기근속자 포상  인재추천 포상 등• 건강관리: 단체상해보험 및 의료비 지원  건강검진 실시(매년)  심리상담 지원  금연수당 지급• 경조사 지원: 경조휴가 및 경조금 지원  명절 및 기념일 상품권 지급• 여가지원: 휴양소 지원  사내 동호회 운영• 업무지원: 법인차량 및 법인폰 지급  유류비 지원(일부직군 한정)• 기타 복리후생: 자녀학자금 지원  이러닝 수강 지원  웰컴키트 제공 등,2023.02.08,서울특별시 정의로8길 9,
https://wanted.co.kr/wd/130185,Mon Jan 30 2023 20:01:42 GMT+0900 (대한민국 표준시),휴맥스모빌리티,휴맥스모빌리티 통합서비스개발실은 회사가 보유하고 있는 다양한 모빌리티 서비스 인프라(주차  충전  카셰어링  택시  대리 등)를 연결하여 새로운 플랫폼 서비스를 개발하기 위해 구성된 조직입니다.,벡엔드 개발자 (통합서비스개발실),• 전기차 충전 서비스 플랫폼 개발• 서비스 BackEnd 및 BackOffice 개발,• 학력 : 학사이상• 경력 : 3년 이상• Java 기술 생태계(Java/Spring/JPA)에 대한 이해도가 있으신 분• 웹서비스 및 TCP/IP 통신 처리 개발 경험이 있으신 분• 심플하고 유지 보수하기 좋은 설계를 지향하시는 분• 새로운 환경에 쉽게 적응하고  동료들 간의 커뮤니케이션이 원활하신 분,• 전기차 충전 관련 개발 경험이 있으신 분• AWS  Kubernetes 환경에서 실행되는 다양한 서비스 운영과 관리 경험이 있으신 분• 레거시 시스템 개선 경험 및 대용량 시스템 운영 경험이 있는 분• B2C 서비스 개발 및 운영 경험• 웹/모바일 서비스의 일반적인 아키텍처 이해가 있으신 분,[휴맥스모빌리티 복지 & 혜택]※ 구성원의 건강하고 즐거운 삶을 응원합니다!• 가족과 함께 매년 - 종합 건강검진 지원• 온 가족 다함께 - 단체보험 지원• 기쁜 일  슬픈 일도 함께 - 경조사비 및 경조사물품 지원• 생일자 떠나라! - 휴가 및 선물 지원• 문화 생활도 빠질수 없으니 - 웰빙클럽 이용 지원• 해피프라이데이 - 매월 마지막 주 금요일 3시 퇴근※ 쾌적하고 자율적인 근무 환경을 지향합니다!• 자율복장제 운영• 자유로운 의사소통 및 의견 개진• 단돈 1 000원에 이용 가능한 - 사내카페 운영• 사무실 내 별도 커피머신 및 탕비용품 구비• 연 200만원 상당 점심 식대 지원• 야근 발생 시 식대 및 교통비 지원※ 스스로 성장할 수 있는 자기계발 환경을 제공합니다!• 성과와 기여에 따른 스톡 옵션 부여• 자기주도적으로 성장하는 – 업무 관련 교육 및 컨퍼런스 지원※ 휴맥스모빌리티 만의 혜택과 복지!• 신규 입사 시 웰컴키트 지급• 개인 노트북 및 모니터 제공• 임직원 콘도 이용 지원• 베네피아 임직원몰 이용 지원• 근속 3년마다 Refresh 휴가 제공• 출퇴근도 편안하게 – 카플랫비즈 마이카서비스 이용 지원[채용절차]• 서류심사＞ 인성검사 ＞ 1차면접 ＞ 2차면접 ＞ 처우협의 ＞ 최종합격,상시,황새울로 216 휴맥스빌리지 ,
https://wanted.co.kr/wd/79538,Mon Jan 30 2023 20:02:25 GMT+0900 (대한민국 표준시),모니터코퍼레이션,모니터코퍼퍼레이션은 전문의와 인터랙션하며 의료영상을 분석하는 인공지능 솔루션을 만들고 있습니다. 고성능의 AI기술과 직관적인 UI를 통해 의사의 업무 효율을 높이고 최종적으로 환자들에게 많은 혜택을 줄 수 있는 솔루션을 개발하고자 합니다.모니터코퍼레이션은 팀원의 자율성을 존중하고  각자 도전적인 과제를 설정하고 능동적으로 수행해 나아가는 기업 문화를 지향합니다. 아직 해결되지 않은 문제를 도전하고자 하는 분들과 함께 성장하고 싶습니다. 많은 관심과 지원 부탁 드립니다.,AI/딥러닝/머신러닝 엔지니어,[주요업무]- 의료영상 분석을 위한 인공지능 알고리즘 R&D- AI / CV 활용한 제품개발을 주도적으로 진행- 제품에 적용할 머신러닝 및 딥러닝 기술 고도화 및 최적화[채용절차]- 역량을 잘 보여줄 수 있는 자유로운 지원서류 제출 (경력기술서  포트폴리오  Github 등)- 실무진 및 임원 면접- 각 절차별로 약 1주 이내 결과 전달,- 관련 분야 학사 이상,- 관련분야 논문 게재 또는 발표 경력이 있으신 분- 딥러닝 활용한 제품 개발 경험 있으신 분,- 개인 장비: 최신 GPU 장착 개발서버  고사양노트북/듀얼모니터 제공- 자기 계발: 월별 자기계발비 지원  개발 도서 구입 지원  직무 관련 교육/세미나비 지원  스터디 모임 지원  해외학회참가 지원- 식사  간식: 고급 커피/간식 무한 제공  석식 제공- 연차  휴가: 자율 휴가제- 근무 형태: 유연 근무- 보험  의료: 종합 검진 제공  경조사비  4대 보험,2023.02.10,강남구 서초동 강남대로 311  드림플러스 강남 9층,
https://wanted.co.kr/wd/144360,Mon Jan 30 2023 20:02:29 GMT+0900 (대한민국 표준시),비트나인,비트나인에서 DB Engineer를 모집합니다.2013년 설립된 비트나인은 국내 유일 그래프데이터베이스 연구개발 전문기업입니다.당사는 연결된 데이터 모델을 저장  분석하는 데이터베이스 솔루션(DBMS)을 제공하고 있으며 유수의 글로벌 빅테크 기업들이 그래프 데이터베이스를 적극 활용해 새로운 가치 창출과 혁신을 주도하고 있습니다.당사는 2020년 제 19회 소프트웨어 기업경쟁력 대상 수상  미국 아파치재단 인큐베이션 프로젝트 선정(AGE) 등 지속적인 성장세를 보이고 있으며  2021년에는 데이터베이스 기업 최초로 코스닥에 상장을 하였습니다.비트나인과 함께 미래를 이끌어갈 도전적인 인재를 찾습니다.,백엔드 개발자 2(개발팀원),• Java를 활용한 Backend 개발 최소 7년 이상• JPA  Hibernate등 ORM사용과 도메인 모델링 경험 5년 이상• Jenkins 등을 통해 빌드/테스트/배포 자동화 경험을 보유한 사람• PM 혹은 PL 경험을 1회 이상 가진 사람• 담당한 프로젝트에 대한 아키텍처 설계가 가능한 사람,• 개발자 업력 10년 이상• Java  Nodejs  Python 경력자• 컴퓨터 관련 학과를 전공하거나 부전공 등으로 졸업한 사람• Linux/Unix 등 기본적인 OS 지식 보유,• 프로젝트 PL 경험을 지닌 사람• Kubernetes/Docker 사용 및 개발경험이 있는 사람• 기술적인 의견 공유 및 소통에 거부감이 없는 사람• 영어 소통이 어느 정도 가능한 사람• 개발적인 측면에 있어 새로운 기술에 대해 관심이 많은 사람• 본인이 수행한 업무를 체계적으로 문서화할 수 있는 사람• 단순히 하달된 업무 처리가 아닌  해당 업무에 대한 개선 사항 도출이나 추가 로직 구상에 흥미를 가진 사람,• 주5일(월~금  근무시간: 8시30분~5시30분)• 4대보험  퇴직연금  연차  반차• 점심식사 제공• 휴게실  라운지(차  캡슐커피 무제한  음료  간식 무제한 등)• 각종 경조사 지원  채용검진 및 종합건강검진 지원• 워크샵  사내동호회 활동 지원  팀활동비 지원• 복지포인트(선택적 복지제도) 지급• 직무관련 교육비 지원  도서구매 지원 등• 사무용품 지급  업무용 노트북 및 듀얼모니터 등 지급• 사내 추천 채용 포상금제도  청년내일채움공제 등• 회사에서는 부서별 해당 업무 전문가 인력으로 구성되어 업무를 진행합니다.  • 우리 부서는 DB와 데이터처리관련 업무를 하며  원리이해를 바탕으로 자신감과 함께 즐겁게    업무를 진행합니다.• 자신감은 성격과 스킬에서 얻어지기 보다  적극적인 관심과 노력에서 나온다고 생각합니다.• 혼자서만 하는 업무가 아니라  공유하고 같이 해결해 가는 분위기에서 Communication을   중요하게 생각합니다.#휴게실 #자기계발 #도서구매비 #식비 #건강검진 #복지포인트 #문화비 #커피 차 간식제공 #중식제공,상시,서울특별시 강남구 테헤란로 516 4층,
https://wanted.co.kr/wd/144359,Mon Jan 30 2023 20:02:32 GMT+0900 (대한민국 표준시),비트나인,비트나인에서 DB Engineer를 모집합니다.2013년 설립된 비트나인은 국내 유일 그래프데이터베이스 연구개발 전문기업입니다.당사는 연결된 데이터 모델을 저장  분석하는 데이터베이스 솔루션(DBMS)을 제공하고 있으며 유수의 글로벌 빅테크 기업들이 그래프 데이터베이스를 적극 활용해 새로운 가치 창출과 혁신을 주도하고 있습니다.당사는 2020년 제 19회 소프트웨어 기업경쟁력 대상 수상  미국 아파치재단 인큐베이션 프로젝트 선정(AGE) 등 지속적인 성장세를 보이고 있으며  2021년에는 데이터베이스 기업 최초로 코스닥에 상장을 하였습니다.비트나인과 함께 미래를 이끌어갈 도전적인 인재를 찾습니다.,백엔드 개발자 1팀(개발팀원),• Java를 활용한 Backend 개발 최소 5년 이상• JPA  Hibernate등 ORM사용과 도메인 모델링 경험 3년 이상• Jenkins 등을 통해 빌드/테스트/배포 자동화 경험을 보유한 사람,• 개발자 업력 5년 이상• Java  Nodejs  Python 경력자• 컴퓨터 관련 학과를 전공하거나 부전공 등으로 졸업한 사람• Linux/Unix 등 기본적인 OS 지식 보유,• 프로젝트 PL 경험을 지닌 사람• Kubernetes/Docker 사용 및 개발경험이 있는 사람• 기술적인 의견 공유 및 소통에 거부감이 없는 사람• 영어 소통이 어느 정도 가능한 사람• 개발적인 측면에 있어 새로운 기술에 대해 관심이 많은 사람• 본인이 수행한 업무를 체계적으로 문서화할 수 있는 사람• 단순히 하달된 업무 처리가 아닌  해당 업무에 대한 개선 사항 도출이나 추가 로직 구상에 흥미를 가진 사람,• 주5일(월~금  근무시간: 8시30분~5시30분)• 4대보험  퇴직연금  연차  반차• 점심식사 제공• 휴게실  라운지(차  캡슐커피 무제한  음료  간식 무제한 등)• 각종 경조사 지원  채용검진 및 종합건강검진 지원• 워크샵  사내동호회 활동 지원  팀활동비 지원• 복지포인트(선택적 복지제도) 지급• 직무관련 교육비 지원  도서구매 지원 등• 사무용품 지급  업무용 노트북 및 듀얼모니터 등 지급• 사내 추천 채용 포상금제도  청년내일채움공제 등• 회사에서는 부서별 해당 업무 전문가 인력으로 구성되어 업무를 진행합니다.  • 우리 부서는 DB와 데이터처리관련 업무를 하며  원리이해를 바탕으로 자신감과 함께 즐겁게    업무를 진행합니다.• 자신감은 성격과 스킬에서 얻어지기 보다  적극적인 관심과 노력에서 나온다고 생각합니다.• 혼자서만 하는 업무가 아니라  공유하고 같이 해결해 가는 분위기에서 Communication을   중요하게 생각합니다.#휴게실 #자기계발 #도서구매비 #식비 #건강검진 #복지포인트 #문화비 #커피 차 간식제공 #중식제공,상시,서울특별시 강남구 테헤란로 516 4층,
https://wanted.co.kr/wd/144358,Mon Jan 30 2023 20:02:36 GMT+0900 (대한민국 표준시),비트나인,비트나인에서 DB Engineer를 모집합니다.2013년 설립된 비트나인은 국내 유일 그래프데이터베이스 연구개발 전문기업입니다.당사는 연결된 데이터 모델을 저장  분석하는 데이터베이스 솔루션(DBMS)을 제공하고 있으며 유수의 글로벌 빅테크 기업들이 그래프 데이터베이스를 적극 활용해 새로운 가치 창출과 혁신을 주도하고 있습니다.당사는 2020년 제 19회 소프트웨어 기업경쟁력 대상 수상  미국 아파치재단 인큐베이션 프로젝트 선정(AGE) 등 지속적인 성장세를 보이고 있으며  2021년에는 데이터베이스 기업 최초로 코스닥에 상장을 하였습니다.비트나인과 함께 미래를 이끌어갈 도전적인 인재를 찾습니다.,시니어급 c 개발자 (Project Design 팀원),•  c개발자•  백엔드 개발자,• C 개발자 업력 3년 이상• C 언어 기초  자료구조  알고리즘 학과 성적 B 이상• RDB에 관심 있는 사람,• Graph Database에 대해 관심이 있거나 사용해본 사람• 기술적인 의견 공유 및 소통에 거부감이 없는 사람• 영어 소통이 어느 정도 가능한 사람• 개발적인 측면에 있어 새로운 기술에 대해 관심이 많은 사람• 본인이 수행한 업무를 체계적으로 문서화할 수 있는 사람• 단순히 하달된 업무 처리가 아닌  해당 업무에 대한 개선 사항 도출이나 추가 로직 구상에 흥미를 가진 사람,• 주5일(월~금  근무시간: 8시30분~5시30분)• 4대보험  퇴직연금  연차  반차• 점심식사 제공• 휴게실  라운지(차  캡슐커피 무제한  음료  간식 무제한 등)• 각종 경조사 지원  채용검진 및 종합건강검진 지원• 워크샵  사내동호회 활동 지원  팀활동비 지원• 복지포인트(선택적 복지제도) 지급• 직무관련 교육비 지원  도서구매 지원 등• 사무용품 지급  업무용 노트북 및 듀얼모니터 등 지급• 사내 추천 채용 포상금제도  청년내일채움공제 등• 회사에서는 부서별 해당 업무 전문가 인력으로 구성되어 업무를 진행합니다.  • 우리 부서는 DB와 데이터처리관련 업무를 하며  원리이해를 바탕으로 자신감과 함께 즐겁게    업무를 진행합니다.• 자신감은 성격과 스킬에서 얻어지기 보다  적극적인 관심과 노력에서 나온다고 생각합니다.• 혼자서만 하는 업무가 아니라  공유하고 같이 해결해 가는 분위기에서 Communication을   중요하게 생각합니다.#휴게실 #자기계발 #도서구매비 #식비 #건강검진 #복지포인트 #문화비 #커피 차 간식제공 #중식제공,상시,서울특별시 강남구 테헤란로 516 4층,
https://wanted.co.kr/wd/122838,Mon Jan 30 2023 20:02:40 GMT+0900 (대한민국 표준시),샤플,안녕하세요 샤플 대표 진창수입니다.샤플(SHAPL)은 전 세계 48개국 디자이너들의 디자인 IP를 통한 다양한 사업화 서비스를 하고 있는 플랫폼 서비스입니다.샤플 디자인 콘테스트와 샤플 온라인 제조 서비스 등 디자인 콘텐츠를 통한 서비스에서 좋은 성과를 만들어 내며 성장하고 있는 중입니다.2022년에는 신규 서비스인 NFT블록체인 기술을 도입한  샤플레이(SHAPLEI)를 글로벌 서비스를 런칭하여 디자인 IP와 블록체인 기술을 적용한 새로운 패션 테크 분야를 선도하는 플랫폼 서비스를 시작하였습니다.디자이너의 그래픽을 한정판으로 옷에 프린트하고 그것을 블록체인화하여 전 세계 어디든 같은 그래픽의 옷을 구매한 고객들이 서로 소통하고  그 안에서 제품을 재 판매할 수 있는 플랫폼 서비스입니다.샤플은 이렇게 다양한 서비스를 운영하고 있으며  2023년에는 신규 서비스로 B2C 앱 서비스를 런칭 준비중에 있습니다. 기존 서비스와 다르게 광고중심의 개인화 앱서비스에 초첨이 되어 있어서 이분야 특화된 서비스 운영자 및 마케터를 모집합니다.  지원하는 여러분의 기술력과 상상력이 서비스에 대해져서 더욱 놀라운 서비스로 탄생할 것입니다.자율 출근제와 맥북 노트북 등 개발자에게 최적화된 근무 환경을 제공하는 것과 동시에 회사가 빠르게 성장하는 것만큼의 확실한 인센티브가 주어지는 샤플에 기획자 여러분들의 많은 관심과 지원 부탁드립니다.지원 후 인터뷰를 해보시면 회사의 비전과 성장력이 더욱 느껴지실 겁니다!,B2C 앱 서비스 기획 및 운영,• 플랫폼 서비스 기획 및 운영• 플랫폼 서비스 개발 전략• 개발 화면 설계 및 스토리보드 작성 (개발문서작성 및 PM),• 앱 서비스 개발 및 기획• 플랫폼 개발 기획• 서비스 배포 및 운영,• 스타트업 경험자• 영어 능통자• 게임 앱 기획 경험자• 광고 플랫폼 기획 경험자,• 맥북 노트북• 자율출근제• 성과금,상시,강남구 삼성로 560,
https://wanted.co.kr/wd/143448,Mon Jan 30 2023 20:02:44 GMT+0900 (대한민국 표준시),릴리스타일(LiLi Style),LiLi Style은 인도네시아의 로컬 여성 의류 e-commerce platform으로 이미 백만명이 넘는 유저들이 사용해본 빠르게 성장하고 있는 앱을 운영하고 있습니다.인도네시아는 2억8천만명의 세계 4대 경제대국으로 전세계에서 가장 빠르게 Digitalization이 이루어지며 e-commerce가 급성장하고 있으며  젊은 인구구조와 두터운 중산층을 기반으로 투자자들에게 높은 관심을 받는 시장인 반면  아직 스타트업 생태계가 약해 경쟁이 덜한 매력적인 시장입니다.쿠팡과 같은 거대 커머스 기업들은 존재하지만 지그재그  에이블리와 같은 Vertical e-commerce 사업자가 없다는 기회를 포착하여 사업을 진행하고 있습니다.투자업계에서 일하며 동남아에서 조단위 수익의 IPO를 수행하고 테크투자를 담당했던 대표가 기회를 포착 창업하여 2022년 4월 350억 밸류로 100억의 시리즈 A 투자를 한국과 인도네시아 투자자들로 부터 유치하였고  카카오  오늘의 집 등 커머스 출신 개발자  PO  마케터를 중심으로 팀을 확장하고 있습니다.,백엔드 개발자,• ‘LiLi’앱을 위한 MSA 서버 어플리케이션을 개발해요.• PO와 함께 더 나은 프로덕트를 만들기 위해 필요한 작업을 해요.백엔드 기술 스택:• 언어 / 프레임워크: Golang / Gin  Typescript / NestJs• 인프라: AWS    - EKS에서 운영하고 istio를 통해서 트래픽을 관리하고 있어요.    - 데이터베이스: Aurora MySQL  Aurora PostgreSQL• 배포: Github action  ArgoCD를 이용해서 canary 배포 하고 있어요.• 모니터링: datadog  prometheus  grafana 등을 이용해서 Observability를 관리하고 있어요.전형 절차:• 서류 전형 → 리모트 미팅 → 기술 인터뷰 → 처우협의 → 최종 합격• 리모트 미팅은 지원자가 릴리 스타일에 대해서 궁금한것을 물어보고  서로의 fit을 확인하는 과정이에요.   약 30분간 진행될 예정이에요.• 기술 인터뷰는 지원자의 경험을 기반으로 기술 지식과 문제 해결 과정 등을 확인하는 과정이에요.   약 1시간 ~ 1시간 30분 정도 진행되며 별도의 코딩 테스트는 없어요.,• 문제 해결 역량을 보여주는 2년 이상의 경력• Golang  Python  Typescript  Javascript 중 1개 이상의 언어에 익숙하신 분• 뛰어난 커뮤니케이션 역량• 좋은 프로덕트를 만드는데 집중하고 그 과정에서 문제해결을 통해 같이 성장할수 있는 분,• 스쿼드 조직에서 다양한 직군의 동료들과 협업해본 경험이 있으신 분• 학습능력이 뛰어나신 분• 비즈니스 드리븐 개발을 지향하시는 분• 코드리뷰를 경험 해보신 분,• 직전 연봉 30% 인상• 스톡옵션 부여• 최신형 맥북 프로  모니터 지원• 리모트 근무 가능• 기술서적 구매 지원,상시,서울 강남구 테헤란로 431 저스트코타워 1-15층,
https://wanted.co.kr/wd/142703,Mon Jan 30 2023 20:02:48 GMT+0900 (대한민국 표준시),릴리스타일(LiLi Style),LiLi Style은 인도네시아의 로컬 여성 의류 e-commerce platform으로 이미 백만명이 넘는 유저들이 사용해본 빠르게 성장하고 있는 앱을 운영하고 있습니다.인도네시아는 2억8천만명의 세계 4대 경제대국으로 전세계에서 가장 빠르게 Digitalization이 이루어지며 e-commerce가 급성장하고 있으며  젊은 인구구조와 두터운 중산층을 기반으로 투자자들에게 높은 관심을 받는 시장인 반면  아직 스타트업 생태계가 약해 경쟁이 덜한 매력적인 시장입니다.쿠팡과 같은 거대 커머스 기업들은 존재하지만 지그재그  에이블리와 같은 Vertical e-commerce 사업자가 없다는 기회를 포착하여 사업을 진행하고 있습니다.투자업계에서 일하며 동남아에서 조단위 수익의 IPO를 수행하고 테크투자를 담당했던 대표가 기회를 포착 창업하여 2022년 4월 350억 밸류로 100억의 시리즈 A 투자를 한국과 인도네시아 투자자들로 부터 유치하였고  카카오  오늘의 집 등 유니콘 출신 개발자  PO  마케터를 중심으로 팀을 확장하고 있습니다.,프론트엔드 개발자,• 파트너 사이트  백오피스를 개발해요.• 서비스에 노출되는 웹뷰를 개발해요.• 사용자가 더 좋은 경험을 할수있게 고민해요.전형 절차:• 서류 전형 → 리모트 미팅 → 기술 인터뷰 → 처우협의 → 최종 합격• 리모트 미팅은 지원자가 릴리 스타일에 대해서 궁금한것을 물어보고  서로의 fit을 확인하는 과정이에요.   약 30분간 진행될 예정이에요.• 기술 인터뷰는 지원자의 경험을 기반으로 기술 지식과 문제 해결 과정 등을 확인하는 과정이에요.   약 1시간 ~ 1시간 30분 정도 진행되며 별도의 코딩 테스트는 없어요.,• 문제 해결 역량을 보여주는 2년 이상의 경력• React  Typescript 에 익숙하신 분• 뛰어난 커뮤니케이션 역량• 좋은 프로덕트를 만드는데 집중하고 그 과정에서 문제해결을 통해 같이 성장할수 있는 분,• 스쿼드 조직에서 다양한 직군의 동료들과 협업해본 경험이 있으신 분• 학습능력이 뛰어나신 분• 비즈니스 드리븐 개발을 지향하시는 분• 코드리뷰를 경험 해보신 분,• 직전 연봉 30% 인상• 스톡옵션 부여• 최신형 맥북 프로  모니터 지원• 리모트 근무 가능• 기술서적 구매 지원,상시,서울 강남구 테헤란로 431 저스트코타워 1-15층,
https://wanted.co.kr/wd/128566,Mon Jan 30 2023 20:02:52 GMT+0900 (대한민국 표준시),이노디스,Smart Biz  Smart Answer! 혁신적인 마인드  불굴의 도전정신  꺼지지 않는 열정  그리고  팀워크! 이노디스가 바라보는 인재상입니다. +함께 성정해 갈 인재라면 지금 도전하십시오. 이노디스는 2003년에 설립된 안정적인 기업으로 중소기업청이 선정한 우수중소기업입니다. 서울 송파구 송파대로 201(문정동)에 위치하고 있으며  사원수 약 40여명 규모의 회사입니다. 매년 공공 eBI 부문 40여개 사업을 수행중이며  온라인 및 모바일 서비스 구축  빅테이터 분석 기반 솔루션 개발과 브랜드 커뮤니케이션 등 사업을 하고 있습니다.• 근무일시 : 주 5일(월~금) 08:30~17:30• 근무지역 : (05854) 서울 송파구 송파대로 201 송파 테라타워2 A동 1319호(문정동) - 서울 8호선 문정역 에서 300m 이내• 전형절차 :  서류전형 -＞ 1차실무면접 -＞ 2차임원면접 -＞ 최종합격,공공기관 JAVA 웹개발 운영,• Web 개발 운영• 이슈 및 리스크 관리• 각 부서 간 협업 커뮤니케이션,• 경력 : 웹개발 경력 7년↑•  JSP/JAVA 3년 이상,• 공공기관 프로젝트 및 관련 업무 경험자•  Spring 또는 전자정부 프레임워크 경력자•  DB(Oracle  MySQL  MariaDB 등) 경력자•  팀장 경력자  PL 경력자,ㆍ티/커피바 운영ㆍ명절선물/경조사 지원ㆍ부서운영비/직무교육비 지원ㆍ업무관련 도서비 지원ㆍ독감예방주사 지원ㆍ반차/연차/대체휴무 제도 운영,2023.02.17,서울특별시 송파구 송파대로 201  테라타워2 A동 1319호,
https://wanted.co.kr/wd/133072,Mon Jan 30 2023 20:02:56 GMT+0900 (대한민국 표준시),이노디스,Smart Biz  Smart Answer! 혁신적인 마인드  불굴의 도전정신  꺼지지 않는 열정  그리고  팀워크! 이노디스가 바라보는 인재상입니다. +함께 성장해 갈 인재라면 지금 도전하십시오. 이노디스는 2003년에 설립된 안정적인 기업으로 중소기업청이 선정한 우수중소기업입니다. 서울 송파구 송파대로 201(문정동)에 위치하고 있으며  사원수 약 40여명 규모의 회사입니다. 매년 공공 eBI 부문 40여개 사업을 수행중이며  온라인 및 모바일 서비스 구축  빅테이터 분석 기반 솔루션 개발과 브랜드 커뮤니케이션 등 사업을 하고 있습니다.,JAVA 웹개발 구축,• 신규 사이트 구축 및 고도화• 이슈 및 리스크 관리• 각 부서 간 협업 커뮤니케이션,• 경력 : 웹개발 경력 3년↑,• Spring 또는 전자정부프레임워크 경력자• DB(Oracle  MySQL  MariaDB 등) 경력자,• 티/커피바 운영• 명절선물/경조사 지원• 부서운영비/직무교육비 지원• 업무관련 도서비 지원• 독감예방주사 지원• 반차/연차/대체휴무 제도 운영• 근무일시 : 주 5일(월~금) 08:30~17:30• 전형절차 :  서류전형 -＞ 1차면접(실무) -＞ 2차면접(임원) -＞ 최종합격 (협의가능),2023.02.17,서울특별시 송파구 송파대로 201  테라타워2 A동 1319호,
https://wanted.co.kr/wd/92979,Mon Jan 30 2023 20:03:00 GMT+0900 (대한민국 표준시),유섭,유섭은 2021년 영상 번역 서비스 고도화 프로젝트를 기반으로 시작되었습니다.현재 서브업(Subup)이라는 번역 의뢰 서비스를 운영하고 있으며 HYBE  카카오엔터  채널A 등 다수의 고객사와 함께 성장하는 중입니다.번역 서비스 업체를 직접 운영하며 얻은 시장에 대한 이해를 바탕으로 가장 적합한 자연어를 사용할 수 있는 번역 기능을 연구 및 개발하고 있으며 이를 활용하여 국내를 넘어 글로벌 시장을 향해 나아갈 웹 서비스(SaaS)를 제공하고자 합니다.현재 대부분 영상 제작자들은 90년대와 똑같은 방식으로 영상 자막 제작을 의뢰하고 있는 만큼  SaaS 기반의 영상 번역 플랫폼을 영상 제작자 및 기업에게 제공함으로써 영상 번역 및 자막 제작 분야에 새로운 가치를 더하는 것을 목표로 하고 있습니다.프로젝트 초기 단계부터 시작하여 새롭게 도전하고 동료와 함께 성장할 수 있는 기회를 만들어 나갈 수 있습니다. 성장과 도전을 동시에 경험할 열정을 가진 동료를 기다리고 있습니다.＜문화＞일을 즐기는 문화 지향사람 스트레스 없는 문화 지향가장 효율적인 방식으로 업무 진행수평 문화 | '님' 호칭,프론트엔드 개발자 Software Engineer (3년 이상),＜주요업무＞영상 편집기 웹사이트 신규 개발웹 서비스 성능 최적화＜Language | Framework＞Node.js (Next.js)HTML | CSS | JavaScript | TypeScriptReact  Recoil  Tailwind CSS＜Build / Deploy＞Jest  React-Testing-LibraryGithub actions＜Infrastructures＞Kubernetes  DockerAWS (S3  ECR  EC2),JavaScript  HTML  CSS에 대한 이해가 있으신 분Next.js / React 개발 경험이 있으신 분 Git을 올바르게 사용하고 이를 통한 협업이 가능하신 분프론트 개발경력 3년+,Recoil 등 상태 관리 라이브러리를 사용한 경험이 있으신 분 디자이너와 함께 협업을 통해 서비스 개발 경험이 있으신 분기본 영어 의사소통이 가능하신 분팀 리드 경험이 있으신 분,자유로운 휴가 사용 + 무제한 (무급) 휴가 주 40시간 유연 근무제 (자율 출근 시간 9am~11am)점심  간식 지원운동 등 자기개발비 지원노트북  키보드  마우스  모니터 지급 (1년에 100만원씩 장비 교체비 부여) 매년 건강 검진 지원 OTT 계정 제공 (10개+ Netflix  Watcha 등)함께 성장하는 반려식물 지원 (식물 선택 가능)6개월 연봉협상,상시,패스트파이브 강남 5호점 | 강남역 3번출구 보도 2분,
https://wanted.co.kr/wd/112033,Mon Jan 30 2023 20:03:04 GMT+0900 (대한민국 표준시),유섭,유섭은 2021년 영상 번역 서비스 고도화 프로젝트를 기반으로 시작되었습니다.현재 서브업(Subup)이라는 번역 의뢰 서비스를 운영하고 있으며 HYBE  카카오엔터  채널A 등 다수의 고객사와 함께 성장하는 중입니다.번역 서비스 업체를 직접 운영하며 얻은 시장에 대한 이해를 바탕으로 가장 적합한 자연어를 사용할 수 있는 번역 기능을 연구 및 개발하고 있으며 이를 활용하여 국내를 넘어 글로벌 시장을 향해 나아갈 웹 서비스(SaaS)를 제공하고자 합니다.현재 대부분 영상 제작자들은 90년대와 똑같은 방식으로 영상 자막 제작을 의뢰하고 있는 만큼  SaaS 기반의 영상 번역 플랫폼을 영상 제작자 및 기업에게 제공함으로써 영상 번역 및 자막 제작 분야에 새로운 가치를 더하는 것을 목표로 하고 있습니다.프로젝트 초기 단계부터 시작하여 새롭게 도전하고 동료와 함께 성장할 수 있는 기회를 만들어 나갈 수 있습니다. 성장과 도전을 동시에 경험할 열정을 가진 동료를 기다리고 있습니다.＜문화＞일을 즐기는 문화 지향사람 스트레스 없는 문화 지향가장 효율적인 방식으로 업무 진행수평 문화 | '님' 호칭,백엔드 개발자 Software Engineer (3년 이상),＜주요업무＞영상 편집기 솔루션 개발DB / 서버 관리＜Language | Framework＞Node.js (Next.js)  Python (FastAPI)HTML | CSS | JavaScript | TypeScriptReact  Recoil  Tailwind CSS＜Build / Deploy＞Github actionsJest  React-Testing-Library＜Infrastructures＞Kubernetes  DockerAWS (S3  ECR  EC2),AWS 사용경험이 있으신 분 (S3  EC2)데이터베이스 구축 경험이 있으신 분TTS / STT 관련 프로젝트 경험/관심이 있으신 분경력 3년 +,팀 리드 경험이 있으신 분새로운 기술에 관심이 많으신 분기본 영어 의사소통이 가능하신 분,자유로운 휴가 사용 + 무제한 (무급) 휴가 주 40시간 유연 근무제 (자율 출근 시간 9am~11am)점심  간식 지원운동 등 자기개발비 지원노트북  키보드  마우스  모니터 지급 (1년마다 100만원씩 장비 교체비 부여) OTT 계정 제공 (10개+ Netflix  Watcha 등)매년 건강 검진 지원 함께 성장하는 반려식물 지원 (식물 선택 가능)6개월 연봉협상,상시,서울특별시 강남구 도곡동 943-2 2층,
https://wanted.co.kr/wd/116444,Mon Jan 30 2023 20:03:08 GMT+0900 (대한민국 표준시),유섭,유섭은 2021년 영상 번역 서비스 고도화 프로젝트를 기반으로 시작되었습니다.현재 서브업(Subup)이라는 번역 의뢰 서비스를 운영하고 있으며 HYBE  카카오엔터  채널A 등 다수의 고객사와 함께 성장하는 중입니다.번역 서비스 업체를 직접 운영하며 얻은 시장에 대한 이해를 바탕으로 가장 적합한 자연어를 사용할 수 있는 번역 기능을 연구 및 개발하고 있으며 이를 활용하여 국내를 넘어 글로벌 시장을 향해 나아갈 웹 서비스(SaaS)를 제공하고자 합니다.현재 대부분 영상 제작자들은 90년대와 똑같은 방식으로 영상 자막 제작을 의뢰하고 있는 만큼  SaaS 기반의 영상 번역 플랫폼을 영상 제작자 및 기업에게 제공함으로써 영상 번역 및 자막 제작 분야에 새로운 가치를 더하는 것을 목표로 하고 있습니다.프로젝트 초기 단계부터 시작하여 새롭게 도전하고 동료와 함께 성장할 수 있는 기회를 만들어 나갈 수 있습니다. 성장과 도전을 동시에 경험할 열정을 가진 동료를 기다리고 있습니다.＜문화＞일을 즐기는 문화 지향사람 스트레스 없는 문화 지향가장 효율적인 방식으로 업무 진행수평 문화 | '님' 호칭,개발 리드 (6년 이상),＜주요업무＞AI 기반 프로젝트 연구 및 개발로드맵 수립 및 필요한 기술 검토＜Language | Framework＞Node.js (Next.js)  Python (FastAPI)HTML | CSS | JavaScript | TypeScriptReact  Recoil  Tailwind CSS＜Build / Deploy＞Github actionsJest  React-Testing-Library＜Infrastructures＞Kubernetes  DockerAWS (S3  ECR  EC2),AWS 사용경험이 있으신 분 (S3  EC2)TTS / STT 관련 프로젝트 경험 / 관심이 있으신 분프로젝트 개발 리드 경험이 있으신 분개발 실무 6년 이상 경험이 있으신 분개발 계획을 수립하고 이를 문서화해 구성원들과 원활한 소통이 가능한 분,기본 영어 의사소통이 가능하신 분,자유로운 휴가 사용 + 무제한 (무급) 휴가 주 40시간 유연 근무제 (자율 출근 시간 9am~11am)점심  간식 지원운동 등 자기개발비 지원노트북  키보드  마우스  모니터 지급 (1년에 100만원씩 장비 교체비 부여) 매년 건강 검진 지원 OTT 계정 제공 (10개+ Netflix  Watcha 등)함께 성장하는 반려식물 지원 (식물 선택 가능)6개월 연봉협상,상시,서울특별시 강남구 도곡동 943-2 2층,
https://wanted.co.kr/wd/78804,Mon Jan 30 2023 20:03:12 GMT+0900 (대한민국 표준시),데이콘,안녕하세요  한국 최초의 AI 해커톤 경진대회플랫폼 데이콘입니다!데이콘은 기업 혹은 기관들이 해결하지 못하는 데이터문제를 의뢰받아 경진대회를 개최하고 참가자들은 문제에 대한 솔루션을 제시하며 상금도 받을 수 있는 인공지능 경진대회 플랫폼을 운영하고 있습니다. 현재 회원수 7만명 이며 지속적으로 성장하는 커뮤니티를 지향합니다.아울러 데이터에 대한 교육이 필요한 기관·기업·학교 등에 인공지능 및 데이터 분석 실무 교육도 진행하고 있습니다.기존에 없었던 새로운 플랫폼인 만큼 데이콘은 단순히 `손이 빠른 사람`이 아닌 새로운 길을 함께 개척해 나갈 수 있는 분을 모시고자 합니다.3년 이상의 개발자를 모십니다. 수평적인 분위기 속에서 자신의 의견을 자유롭게 표현하실 수 있는 분이라면 누구든지 환영합니다!,백엔드 개발자,- node.js (react.js  express.js) 백엔드 서버 개발/최적화/테스트/배포/운영- postgresql/mySQL/mariaDB/Supabase 개발/최적화/테스트/운영- AWS 등 클라우드 인프라 운영/최적화  서버 로그 모니터링  장애 대응- 코드 리뷰 및 토의 (프론트엔드/기획 등과 협업),1. 대규모 프로덕션 환경에서  SQL에 대한 전문 소프트웨어 엔지니어링 경험2. 관계형 데이터베이스  SQL 및 쿼리 최적화 기술에 대한 전문가 수준의 이해 및 성능 문제 진단 및 예방 능력 입증3. SQL 내부에 대한 전문가 수준의 이해4. 복잡한 기술  아키텍처 및/또는 조직 문제에 대해 명확하고 간결하게 의사 소통하고 철저한 반복 솔루션을 제안하는 입증된 능력5. 고도로 민첩하고 반복적인 소프트웨어 개발 프로세스에서 편안하게 작업6. 장기적으로 조직에 온보딩 및 통합할 수 있는 입증된 능력7. 긍정적이고 솔루션 지향적인 마인드8. 효과적인 의사 소통 기술: 정기적으로 동료와 합의를 달성하고 명확한 상태 업데이트9. 제안  토론  실행을 포함하여 개념에서 생산까지 프로젝트를 소유한 경험.10. 조직력이 강하고 자기 주도적이며 자기 관리적 자세,- 최적화 역량(서버  데이터베이스) 별 차등 대우- 테스트 자동화 적용 및 코드 품질 개선에 적극적이신 분- 새로운 기능/도구를 빠르게 학습하여 적용 가능하신 분- 오픈소스 라이브러리/툴 사용에 관심 있는 분- 기획/디자인 관련 세부 업무 로직을 사용자 입장에서 주도적  독립적으로 개선 가능하신 분,- 4대보험- Stock option 제공,상시,서울특별시 영등포구 은행로 3 익스콘벤처타워 901호,
https://wanted.co.kr/wd/116391,Mon Jan 30 2023 20:03:15 GMT+0900 (대한민국 표준시),브이엔티지,▶︎ VNTG 소개VNTG는 Digital tech와 사업화 역량을 통해 NEXT을 위한 '신성장 동력'을 만드는 Digital Transformation 전문기업입니다. 우리는 "Success Companion for the Game-Changers" 라는 비전을 달성하기 위해 다양한 기업의 혁신을 돕고  그들의 성공 파트너가 되어 이 세상을 더 나은곳으로 만들 수 있다는 믿음을 가지고 있습니다.VNTG의 비전 달성에 동참하고  최고의 역량을 가진 팀원들과 같이 성장하며 가슴 뛰는 혁신의 순간들을 함께 할 동료를 모시고자 합니다 :)▶︎ VNTG 사업 소개VNTG는 제조산업에 특화된 디지털 혁신을 실행하는 기술 전문 그룹과 새로운 아이디어와 시장을 찾아 성과를 만드는 사업개발 전문 그룹으로 구성되어 있습니다. [ 제조산업 전문 DT 플랫폼 사업  B2B ]제조DT사업 조직은 많은 산업 중에서도 제조산업에 특화된 Digital Transformation을 표방합니다. 빅데이터 분석  전문 컨설턴트와 다년간 제조 현장 프로젝트를 경험한 IT 개발자들로 구성된 조직은 제조DT의 핵심인 도메인 지식과 IT의 융합에 최적화되어 있습니다.전통적으로 제조 강국이던 우리나라가 제조업의 부가가치율이 하락하고 노동인력의 고령화와 임금상승의 문제 등으로 이미 국제 경쟁력에 한 차례 위기를 겪었으며  타업종에 비해 늦은 디지털 혁신으로 다시 한번 위기를 맞고 있습니다.우리는 제조산업의 이런 위기 상황을 Digital Tech를 통해 극복하고 새로운 가치를 더함으로써 글로벌 경쟁력과 신성장 동력을 갖추는데 성공 동반자가 되고자 합니다.[ 온라인 신사업 개발  B2C ]VNTG 내에서 새로운 시도를 하는  어느 스타트업보다 스타트업스럽게 일하는 사람들이 자체 신사업 개발을 진행 중입니다. 화해  캐시슬라이드  번개장터 등 직접 새로운 서비스를 성공시키고 네이버  블랭크 등의 플랫폼에서 다양한 경험을 한 사람들이 모여 신사업 아이템을 찾고 빠르게 시장에 진입  가능성을 테스트하고 결과를 측정합니다. 우리는 이런 시도를 통해 성공적인 서비스를 만들어 내고 이를 바탕으로 온라인 신사업을 성공시키기 위한 기업에게 실질적인 노하우와 인프라를 제공하는 성공 동반자가 되고자 합니다.▶︎ VNTG의 [스마트인프라팀]은  스마트인프라팀은  기술본부(VNTG에서 시스템/플랫폼/인프라 개발  관리 및 연구활동을 하는 조직) 산하의  IT인프라 및 네트워크를 총괄하고 기술지원하는 조직이며 주로 고객사의 인프라 관리를 하고 있습니다. 현재 IDC 및 AWS/GCP 등의 퍼블릭 클라우드 인프라를 함께 관리하고 있으며 하이브리드 형태로 구성을 하고 있습니다. 향후 Infrastructure 개발 및 운영 표준화 작업  IaC 기반의 자동화된 인프라 구축  인프라 관리 체계를 고도화하는 업무 등의 작업을 많이 하게 될 예정입니다.,[가산근무] 시스템 엔지니어 (3년 이상),[주요업무]-가상화 시스템(VMware)의 구성 및 유지 관리-서버 및 데이터베이스   - Windows Server 및 Linux 계열의 설치 및 유지 관리   - Oracle  MS-SQL DBMS 의 설치 및 장애 처리  데이터 이관 등의 DB 엔지니어의 역할[전형절차]서류전형 ＞  AI역량검사 & 실무면접 ＞ Culture FIT 면접 ＞ 최종합격,-VMware 기반 가상화 시스템 유지 관리 경험-업무에 필요한 네트워크 지식   - IP 및 Subnet 에 대한 이해   - Routing 및 VPN 에 대한 이해,▪ 1개 이상의 DBMS 경험자▪ 관련 전공자 및 IT자격증 소지자(정보처리기사  OCP  CCNP 등)▪ on-premise와 AWS  GCP 등 public cloud 연동 경험▪ 컨플루언스  노션 등 업무관련 문서 작성 경험,【 성장을 응원해요 】-도서 구입비 ) 도서 구입은 원하는 만큼  구입 절차는 심플하게! 좋은 책은 함께 공유해요-사내/외 교육비 ) 구성원이 지속 성장할 수 있도록 넉넉한 교육비를 지원합니다-자격증 상금 ) 직무 연관 자격증 취득 시 축하 상금을 지원해드립니다【 Wellness를 응원해요 】-심리상담 ) 구성원의 마음 건강을 위해 온/오프라인 심리상담 프로그램을 지원합니다-건강검진 ) 구성원의 건강관리를 위한 종합건강검진 비용을 지원합니다【 충분한 휴식을 응원해요 】-Refresh휴가 ) 생일 (또는 결혼기념일)  샌드위치 데이  3/6/9년 장기근속자에게는 유급휴가를 제공합니다-아이 돌봄 휴가 ) 자녀와 소중한 순간을 함께하세요. 자녀의 초등학교 입학 및 방학 시점에 유급휴가를 제공합니다-여름 휴가비 ) 여행을 더 즐겁게! 열심히 일한 직원분들에게 넉넉한 여름 휴가비를 지원합니다자율적인 연차 사용 ) 업무에 지장만 없다면 연차 사용은 눈치 보지 않고 자유롭게 씁니다【 Life Event를 함께해요 】-경조사 ) 축하와 위로를 위한 경조사비  경조 화환  경조 휴가를 지원합니다-출산 축하 선물 ) 구성원 혹은 배우자의 출산을 축하하기 위한 선물을 지원합니다【 기타 복지 】-직원 제휴 할인 프로그램 ) 각종 리조트  패밀리 레스토랑 등 다양한 제휴 할인 혜택을 지원합니다【 근무 조건  】 -근무형태 : 정규직 (수습기간 12주)-근무시간 : 주 5일(월~금)  9:00-18:00 (*각 부서직무에 따라 일부변동가능),상시,서울 금천구 디지털로9길 46  12층 (이앤씨드림타워7차),
https://wanted.co.kr/wd/116389,Mon Jan 30 2023 20:03:19 GMT+0900 (대한민국 표준시),브이엔티지,▶︎ VNTG 소개VNTG는 제조산업에 특화된 디지털 혁신(DT ; Digital Transformation)을 실행하는 기술전문회사입니다.  우리는 제조현장의 빅데이터 분석   AI와 빅데이터 솔루션 개발을 진행하며  제조 현장 프로젝트를 다년간 경험한 IT 개발자들이 모여 새로운 시스템과 플랫폼 개발을 수행합니다. 이와동시에  사업개발부서를 운영하며 새로운 아이템을 찾아 신사업 발굴에 집중함으로써 새로운 시장에 보다 빠르게 진입할수 있도록 가능성을 테스트하고 결과를 측정합니다. VNTG에서는  최고의 역량을 가진 팀원들과 같이 성장하며  가슴 뛰는 혁신의 순간들을 함께 할 동료를 기다립니다.▶︎ VNTG의 [스마트인프라팀]은  스마트인프라팀은  기술본부(VNTG에서 시스템/플랫폼/인프라 개발  관리 및 연구활동을 하는 조직) 산하의  IT인프라 및 네트워크를 총괄하고 기술지원하는 조직이며 주로 고객사의 인프라 관리를 하고 있습니다. 현재 IDC 및 AWS/GCP 등의 퍼블릭 클라우드 인프라를 함께 관리하고 있으며 하이브리드 형태로 구성을 하고 있습니다. 향후 Infrastructure 개발 및 운영 표준화 작업  IaC 기반의 자동화된 인프라 구축  인프라 관리 체계를 고도화하는 업무 등의 작업을 많이 하게 될 예정입니다.,[가산근무] 네트워크 엔지니어 (3년 이하),[주요업무]- 네트워크 인프라의 유지관리- 네트워크 인프라 아키텍처 디자인 설계  예산수립  구축 지원- 레거시 네트워크 환경의 SDN  SD-WAN  Wifi6E  5G 등 현대화- 지속적인 모니터링을 통한 망 최적화 및 이슈 대응 진행[전형절차]서류전형 ＞ AI역량검사 & 실무면접 ＞ Culture FIT 면접 ＞ 최종합격,• 라우팅 프로토콜  스위칭 프로토콜  무선랜 운영 경험• Layer2/Layer3 스위치   방화벽  VPN 장비 운영 경험,-  네트워크  Cisco 관련 자격증 소지자-  SDN  SD-WAN 개념에 대한 이해-  on-premise와 AWS  GCP 등 public cloud의 네트워크 연결 경험-  소프트웨어 개발 경험-  컨플루언스 등 문서 작성에 대한 이해,[VNTG에 합류하는 여정] * 서류 전형 ＞ AI역량검사 및 실무 면접 ＞ Culture FIT 면접 ＞ 최종 합격[복지 제도]1) 성장을 응원해요-도서 구입비 ) 도서 구입은 원하는 만큼  구입 절차는 심플하게! 좋은 책은 함께 공유해요-사내/외 교육비 ) 구성원이 지속 성장할 수 있도록 넉넉한 교육비를 지원합니다-자격증 상금 ) 직무 연관 자격증 취득 시 축하 상금을 지원해드립니다2) Wellness를 드려요-심리상담 ) 구성원의 마음 건강을 위해 온/오프라인 심리상담 프로그램을 지원합니다-건강검진 ) 구성원의 건강관리를 위한 종합건강검진 비용을 지원합니다-직원 제휴 할인 프로그램 ) 각종 리조트  패밀리 레스토랑 등 다양한 제휴 할인 혜택을 지원합니다.3) 충분한 휴식을 누리세요-Refresh 휴가 ) 생일 (또는 결혼기념일)  샌드위치 데이  3/6/9년 장기근속자에게는 유급휴가를 제공합니다-아이 돌봄 휴가 ) 자녀와 소중한 순간을 함께하세요. 자녀의 초등학교 입학 및 방학 시점에 유급휴가를 제공합니다-여름 휴가비 ) 여행을 더 즐겁게! 열심히 일한 직원분들에게 넉넉한 여름 휴가비를 지원합니다자율적인 연차 사용 ) 업무에 지장만 없다면 연차 사용은 눈치 보지 않고 자유롭게 씁니다4) Life Event를 함께해요-경조사 ) 축하와 위로를 위한 경조사비  경조 화환  경조 휴가를 지원합니다-출산 축하 선물 ) 구성원 혹은 배우자의 출산을 축하하기 위한 선물을 지원합니다[우리는 이런 문화를 가지고 있습니다]‘-님’호칭 사용 :  대표부터 인턴까지 모든 직원이 평등한 호칭 하에 수평적으로 일합니다.- 자율과 책임 :  모든 구성원이 성숙한 개인으로서 자율적으로 책임감을 갖고 업무와 관계에 임합니다.- 소통 중시  상호 존중 :  자유로운 의견 개진  직원 간 티키타카를 사랑합니다.- Professionalism :  모든 직원이 프로입니다. 업무에 주인의식을 갖고 최선의 결과를 위해 임합니다.[VNTG 는 장애인 채용을 환영합니다]누구나 어떤 상황에서는 도움이 필요한 약자 일수 있습니다. VNTG는 사회적 배려가 필요한 장애인 채용을 적극 지원함으로 장애가 있는 분들도 어떠한 차별없이 동등하게 일할수 있는 기회와 환경을 제공합니다. [VNTG 에 대해 더 자세히 알고 싶다면]* 블로그:[근무조건]*근무형태 : 정규직 (수습기간 12주  수습기간에도 급여는 동일하게 지급됩니다.)*근무일시 : 주 5일(월~금)  9:00-18:00 (*유연근무제운영으로 부서별 출퇴근 시간 일부 상이)[유의 사항]입사 지원 서류에 허위사실이 발견될 경우  채용 확정 이후라도 채용이 취소될 수 있습니다.장애인의 경우  관계 법령에 의거하여 우대합니다.,상시,서울 금천구 디지털로9길 46  12층 (이앤씨드림타워7차),
https://wanted.co.kr/wd/143799,Mon Jan 30 2023 20:03:23 GMT+0900 (대한민국 표준시),브이엔티지,▶︎ VNTG 소개VNTG는 제조산업에 특화된 디지털 혁신(DT ; Digital Transformation)을 실행하는 기술전문회사입니다.  우리는 제조현장의 빅데이터 분석   AI와 빅데이터 솔루션 개발을 진행하며  제조 현장 프로젝트를 다년간 경험한 IT 개발자들이 모여 새로운 시스템과 플랫폼 개발을 수행합니다. 이와동시에  사업개발부서를 운영하며 새로운 아이템을 찾아 신사업 발굴에 집중함으로써 새로운 시장에 보다 빠르게 진입할수 있도록 가능성을 테스트하고 결과를 측정합니다. VNTG에서는  최고의 역량을 가진 팀원들과 같이 성장하며  가슴 뛰는 혁신의 순간들을 함께 할 동료를 기다립니다.▶︎ VNTG의 [스마트제조창원센터]는  ▪ 세아제강(포항  군산  창원  순천)의 MES 및 협력사 시스템 및 세아특수강(포항  충주) ERP 시스템을 고객사에서 효율적으로 사용할 수 있도록 운영 및 유지보수 사업을 수행하는 부서입니다.,[창원근무] MES 운영자 (C#  Java  Javascript스킬보유자),• 세아제강 순천 공장 MES 개발 및 유지보수• 세아제강 순천 공장 협력사 시스템 유지보수• 실무이슈 발생 시 문제해결 및 업무가이드 진행• 유관시스템 연계 운영 및 개선  개발,• VNTG와 우리가 하는일에 관심이 있는 분 • C# 또는 Java를 이용한 웹 어플리케이션 개발능력• javascript 이용하여 Frontend 개발 경험• 동료들과의 원만한 커뮤니케이션 능력,• 보유한 기술로 Full-stack (Frontend-Backend) 개발 가능 (DB설계  Infra 관련 제외)• 1개 이상의 프로그래밍 언어로 Web Service 또는 RESTful API 개발 경험• RDBMS와 Transaction에 대한 이해• SQL 작성 가능• 제조업 도메인 지식 보유,[VNTG에 합류하는 여정] * 서류 전형 ＞ AI역량검사 및 실무 면접 ＞ Culture FIT 면접 ＞ 최종 합격[복지 제도]1) 성장을 응원해요-도서 구입비 ) 도서 구입은 원하는 만큼  구입 절차는 심플하게! 좋은 책은 함께 공유해요-사내/외 교육비 ) 구성원이 지속 성장할 수 있도록 넉넉한 교육비를 지원합니다-자격증 상금 ) 직무 연관 자격증 취득 시 축하 상금을 지원해드립니다2) Wellness를 드려요-심리상담 ) 구성원의 마음 건강을 위해 온/오프라인 심리상담 프로그램을 지원합니다-건강검진 ) 구성원의 건강관리를 위한 종합건강검진 비용을 지원합니다-직원 제휴 할인 프로그램 ) 각종 리조트  패밀리 레스토랑 등 다양한 제휴 할인 혜택을 지원합니다.3) 충분한 휴식을 누리세요-Refresh 휴가 ) 생일 (또는 결혼기념일)  샌드위치 데이  3/6/9년 장기근속자에게는 유급휴가를 제공합니다-아이 돌봄 휴가 ) 자녀와 소중한 순간을 함께하세요. 자녀의 초등학교 입학 및 방학 시점에 유급휴가를 제공합니다-여름 휴가비 ) 여행을 더 즐겁게! 열심히 일한 직원분들에게 넉넉한 여름 휴가비를 지원합니다자율적인 연차 사용 ) 업무에 지장만 없다면 연차 사용은 눈치 보지 않고 자유롭게 씁니다4) Life Event를 함께해요-경조사 ) 축하와 위로를 위한 경조사비  경조 화환  경조 휴가를 지원합니다-출산 축하 선물 ) 구성원 혹은 배우자의 출산을 축하하기 위한 선물을 지원합니다[우리는 이런 문화를 가지고 있습니다]‘-님’호칭 사용 :  대표부터 인턴까지 모든 직원이 평등한 호칭 하에 수평적으로 일합니다.- 자율과 책임 :  모든 구성원이 성숙한 개인으로서 자율적으로 책임감을 갖고 업무와 관계에 임합니다.- 소통 중시  상호 존중 :  자유로운 의견 개진  직원 간 티키타카를 사랑합니다.- Professionalism :  모든 직원이 프로입니다. 업무에 주인의식을 갖고 최선의 결과를 위해 임합니다.[VNTG 는 장애인 채용을 환영합니다]누구나 어떤 상황에서는 도움이 필요한 약자 일수 있습니다. VNTG는 사회적 배려가 필요한 장애인 채용을 적극 지원함으로 장애가 있는 분들도 어떠한 차별없이 동등하게 일할수 있는 기회와 환경을 제공합니다. [VNTG 에 대해 더 자세히 알고 싶다면]* 블로그: https://blog.vntgcorp.com/[근무조건]*근무형태 : 정규직 (수습기간 12주  수습기간에도 급여는 동일하게 지급됩니다.)*근무일시 : 주 5일(월~금)  9:00-18:00 (*유연근무제운영으로 부서별 출퇴근 시간 일부 상이)[유의 사항]입사 지원 서류에 허위사실이 발견될 경우  채용 확정 이후라도 채용이 취소될 수 있습니다.장애인의 경우  관계 법령에 의거하여 우대합니다.,2023.02.10,성산구 공단로 280 세아제강 창원공장 내 VNTG사무실(웅남동),
https://wanted.co.kr/wd/110063,Mon Jan 30 2023 20:03:27 GMT+0900 (대한민국 표준시),커넥틀리(Connectly),명품씬의 진짜 문제 제대로 썰어볼 개발자 모십니다!느슨해진 명품씬에 긴장감을 불러일으킬 날카로운 검과 같은 팀  커넥틀리입니다!커넥틀리는 연 10조 병행수입 명품 시장의 비효율적 유통구조를 혁신할 거예요. 이를 위해 즉시 수익을 창출하는 B2B2C 플랫폼을 목표로 달리고 있어요.그 첫 번째로 ‘비본’이라는 B2C 커머스 몰을 22년 10월 말 공개했어요. 그리고 40일 만에 누적 거래액 약 2.5억을 달성하며 시장 검증을 해나가고 있죠. 그 전엔 얼어붙은 2022년 VC 투자 환경 속에서도 퓨처플레이  신한캐피탈  키움증권  유안타 인베스트먼트로부터 아이디어만으로 22억 투자를 유치했어요.이제 진짜 문제인 명품 병행수입 유통구조의 혁신을 위한 B2B 플랫폼을 만들 거예요. 자생할 수 있는 버티컬 비즈니스를 완성하는 단계로 바로 건너뛰려고 준비하는 거죠.이 문제를 풀기 위해  13년간 명품 수입 유통업체를 밑바닥부터 일궈내신 사업가  이베이코리아/큐텐/위메프/오늘의집을 거친 이커머스 마케팅 전문가  삼성SDS/이베이코리아를 거치며 이커머스 플랫폼에 잔뼈가 굵으신 개발자  NHN을 거쳐 핀테크 플랫폼 피플펀드의 초창기 설계부터 풀 스택 개발을 해오셨던 제품 전문가 등 다양한 분이 모였답니다.그래서 명품 시장에서 풀어야하는 핵심 문제가 정확히 뭘까요?단 하나  가격이에요!명품 고객들은 이미 구매하고 싶은 상품을 빠삭하게 알고 계신 분들이에요. 그런데 만약 최저가로 파는 곳이 있다면? 당연히 구매버튼을 눌러주시겠죠!그렇다면 가격 문제는 어떻게 해결할 수 있을까요?명품 병행수입 셀러 분들을 도와드려야해요.1. 함께 글로벌 최상위 도매업체에 오더를 넣어 협상력을 갖출 수 있는 B2B 플랫폼의 부재2. 잘 팔리는  팔고 싶은 상품을 미리 파악하고 상품 생산 전에 오더를 넣어 더 낮은 가격에 상품을 가져올 수 있는 데이터 분석력의 부재3. 팔지 못한 악성 재고를 현금화하여 사업 자금으로 활용할 수 있는 금융 시장 활용 시스템의 부재셀러 분들은 명품의 판매 하나는 정점에 오른 분들이에요. 하지만 위 세 가지의 문제를 가지고 계시죠.위 문제를 누군가 해결할 수 있다면 비용을 절감할 수 있을거예요. 절감된 비용만큼 고객이 구매할 최종 가격을 낮출 수 있겠죠.시장의 문제를 발견한 이상 해결하지 못하면 잠이 오지 않는 소수의 열정적인 사람들이 모인 곳  커넥틀리가 명품씬의 진짜 문제를 풀어보기 위해 탄생했습니다.그리고  함께 날카로운 검을 만들어 문제를 썰어볼 동료를 찾고 있습니다![테크 스택]- 큰 성장을 위한 MSA 기반의 설계와 Message-Driven 설계를 적용 중입니다.- Back-end 서비스 개발 : Spring Boot / Kafka / Docker / EKS / Elastic Search / Redis / Mysql 등을 사용하여 B2C 서비스의 MVP를 출시했으며  B2B 서비스를 초기 설계부터 23년 2분기에 시작할 예정입니다. B2B 서비스는 합류 이후 기술 스택을 논의하여 결정할 예정입니다.- Front-end 서비스 개발 : React.js / Node.js를 사용하여 백오피스 및 웹 개발을 하고 있습니다.- 모바일 APP 개발 : Flutter를 사용하여 Android/iOS 개발을 하고 있습니다.,신규서비스 Software Engineer (웹 개발자),• 명품 이커머스 플랫폼 beborn의 B2C&B2B 시스템 개발,• 4년 이상의 웹 기반 소프트웨어 개발 경력이 있으신 분• 1개 이상의 웹 프레임워크를 운영 단계에서 경험해 보신 분• Back-end  Front-end의 경계 없이 업무를 진행할 수 있으신 분 (한 쪽의 실무 경험만 보유해도 무관)• 고객에게 가치 있는 제품을 만들기 위해 함께 고민하고 실행하실 수 있으신 분• 상호 존중하며 상대의 입장에서 생각하며 소통하실 수 있으신 분• 동료를 신뢰하며 즐겁게 일할 수 있는 환경을 만들 수 있으신 분,• E-Commerce 상품  결제 관련 경험이 있으신 분• AWS  Docker  Kubernetes  Kafka  Redis  mySQL 등 devops 경험이 있으신 분• Python 기반 크롤링  머신러닝 개발 경험이 있으신 분,1. 시간은 금이다 -탄력근무제 (오전8시 ~ 오전 11시 사이 언제든지 출근 가능): 시간에 쫓기는 출.퇴근은 없다. 회사에 다니면서도 각자의 시간을 자유롭게 활용하도록 탄력근무제를 시행합니다.-자유로운 연차 사용: 연차는 커넥틀리 임직원 분들의 특권. 아무도 그 것을 막을 순 없다. 팀원들에게 사전공유해 주는 센스만 챙겨주세요! 연차는 물론 반차 까지 사용 가능! 2. 탄생일은 무엇과도 바꿀 수 없다 : 모두가 모여 생일을 축하하는 생일파티가 열립니다!: 주인공에게는 생일기념 상품권을 제공한답니다.: 생일 반차까지 추가로 지급! 3. HIP한 복지 -야근식대 및 교통비 지원: 커넥틀리는 야근없는 삶을 추구합니다. 하지만 혹여 야근을 해야 하는 팀원들을 위해 따뜻한 식사와 편안한 퇴근길을 위한 복지를 준비했어요. 4. 커넥틀리의 마음을 담은 특별 복지 -각종 경조사비 지원: 커넥틀리 임직원 분들이 기쁠 때나 슬플 때나 언제든 함께한다는 마음으로 각종 경조사비를 지원해요.-건강검진 지원: 커넥틀리 임직원 분들의 건강은 우리가 책임진다. 매년 지정된 업체에서 건강검진을 받을 수 있도록 지원해요.-음료  커피  간식 무제한 지원: 당이 떨어질 때  카페인이 필요할 때  속이 출출할 때 커넥틀리에서 비치한 각종 간식들과 음료를 무제한으로 제공!! 5. 커넥틀리에서 고민해서 준비한 복지 -통신비 지원: 5G 도입되면서 높아진 통신요금을 커넥틀리에서 함께 부담합니다!! (매달 5만원 지원)-점심식사 지원: 코로나19로 외부식사가 꺼려질 커넥틀리 임직원분들을 위한 새로운 복지! 점심 고민 없이 편하게 식사시간을 즐기세요! 매일 식사를 배달로 주문해드립니다 :),상시,테헤란로 415  2층 203호 204호 (스파크플러스 선릉점),
https://wanted.co.kr/wd/144252,Mon Jan 30 2023 20:03:30 GMT+0900 (대한민국 표준시),커넥틀리(Connectly),명품씬의 진짜 문제 제대로 썰어볼 개발자 모십니다!느슨해진 명품씬에 긴장감을 불러일으킬 날카로운 검과 같은 팀  커넥틀리입니다!커넥틀리는 연 10조 병행수입 명품 시장의 비효율적 유통구조를 혁신할 거예요. 이를 위해 즉시 수익을 창출하는 B2B2C 플랫폼을 목표로 달리고 있어요.그 첫 번째로 ‘비본’이라는 B2C 커머스 몰을 22년 10월 말 공개했어요. 그리고 40일 만에 누적 거래액 약 2.5억을 달성하며 시장 검증을 해나가고 있죠. 그 전엔 얼어붙은 2022년 VC 투자 환경 속에서도 퓨처플레이  신한캐피탈  키움증권  유안타 인베스트먼트로부터 아이디어만으로 22억 투자를 유치했어요.이제 진짜 문제인 명품 병행수입 유통구조의 혁신을 위한 B2B 플랫폼을 만들 거예요. 자생할 수 있는 버티컬 비즈니스를 완성하는 단계로 바로 건너뛰려고 준비하는 거죠.이 문제를 풀기 위해  13년간 명품 수입 유통업체를 밑바닥부터 일궈내신 사업가  이베이코리아/큐텐/위메프/오늘의집을 거친 이커머스 마케팅 전문가  삼성SDS/이베이코리아를 거치며 이커머스 플랫폼에 잔뼈가 굵으신 개발자  NHN을 거쳐 핀테크 플랫폼 피플펀드의 초창기 설계부터 풀 스택 개발을 해오셨던 제품 전문가 등 다양한 분이 모였답니다.그래서 명품 시장에서 풀어야하는 핵심 문제가 정확히 뭘까요?단 하나  가격이에요!명품 고객들은 이미 구매하고 싶은 상품을 빠삭하게 알고 계신 분들이에요. 그런데 만약 최저가로 파는 곳이 있다면? 당연히 구매버튼을 눌러주시겠죠!그렇다면 가격 문제는 어떻게 해결할 수 있을까요?명품 병행수입 셀러 분들을 도와드려야해요.1. 함께 글로벌 최상위 도매업체에 오더를 넣어 협상력을 갖출 수 있는 B2B 플랫폼의 부재2. 잘 팔리는  팔고 싶은 상품을 미리 파악하고 상품 생산 전에 오더를 넣어 더 낮은 가격에 상품을 가져올 수 있는 데이터 분석력의 부재3. 팔지 못한 악성 재고를 현금화하여 사업 자금으로 활용할 수 있는 금융 시장 활용 시스템의 부재셀러 분들은 명품의 판매 하나는 정점에 오른 분들이에요. 하지만 위 세 가지의 문제를 가지고 계시죠.위 문제를 누군가 해결할 수 있다면 비용을 절감할 수 있을거예요. 절감된 비용만큼 고객이 구매할 최종 가격을 낮출 수 있겠죠.시장의 문제를 발견한 이상 해결하지 못하면 잠이 오지 않는 소수의 열정적인 사람들이 모인 곳  커넥틀리가 명품씬의 진짜 문제를 풀어보기 위해 탄생했습니다.그리고  함께 날카로운 검을 만들어 문제를 썰어볼 동료를 찾고 있습니다![테크 스택]- 큰 성장을 위한 MSA 기반의 설계와 Message-Driven 설계를 적용 중입니다.- Back-end 서비스 개발 : Spring Boot / Kafka / Docker / EKS / Elastic Search / Redis / Mysql 등을 사용하여 B2C 서비스의 MVP를 출시했으며  B2B 서비스를 초기 설계부터 23년 2분기에 시작할 예정입니다. B2B 서비스는 합류 이후 기술 스택을 논의하여 결정할 예정입니다.- Front-end 서비스 개발 : React.js / Node.js를 사용하여 백오피스 및 웹 개발을 하고 있습니다.- 모바일 APP 개발 : Flutter를 사용하여 Android/iOS 개발을 하고 있습니다.,신규서비스 서버 개발자 (Backend Engineer),• 명품 이커머스 플랫폼 beborn의 B2B 시스템 개발,• 4년 이상의 웹 기반 소프트웨어 개발 경력이 있으신 분• 1개 이상의 웹 프레임워크를 운영 단계에서 경험해 보신 분• 고객에게 가치 있는 제품을 만들기 위해 함께 고민하고 실행하실 수 있으신 분• 상호 존중하며 상대의 입장에서 생각하며 소통하실 수 있으신 분• 동료를 신뢰하며 즐겁게 일할 수 있는 환경을 만들 수 있으신 분,• E-Commerce 상품  결제 관련 경험이 있으신 분• AWS  Docker  Kubernetes  Kafka  Redis  mySQL 등 devops 경험이 있으신 분• Python 기반 크롤링  머신러닝 개발 경험이 있으신 분,1. 시간은 금이다 -탄력근무제 (오전8시 ~ 오전 11시 사이 언제든지 출근 가능): 시간에 쫓기는 출.퇴근은 없다. 회사에 다니면서도 각자의 시간을 자유롭게 활용하도록 탄력근무제를 시행합니다.-자유로운 연차 사용: 연차는 커넥틀리 임직원 분들의 특권. 아무도 그 것을 막을 순 없다. 팀원들에게 사전공유해 주는 센스만 챙겨주세요! 연차는 물론 반차 까지 사용 가능! 2. 탄생일은 무엇과도 바꿀 수 없다 : 모두가 모여 생일을 축하하는 생일파티가 열립니다!: 주인공에게는 생일기념 상품권을 제공한답니다.: 생일 반차까지 추가로 지급! 3. HIP한 복지 -야근식대 및 교통비 지원: 커넥틀리는 야근없는 삶을 추구합니다. 하지만 혹여 야근을 해야 하는 팀원들을 위해 따뜻한 식사와 편안한 퇴근길을 위한 복지를 준비했어요. 4. 커넥틀리의 마음을 담은 특별 복지 -각종 경조사비 지원: 커넥틀리 임직원 분들이 기쁠 때나 슬플 때나 언제든 함께한다는 마음으로 각종 경조사비를 지원해요.-건강검진 지원: 커넥틀리 임직원 분들의 건강은 우리가 책임진다. 매년 지정된 업체에서 건강검진을 받을 수 있도록 지원해요.-음료  커피  간식 무제한 지원: 당이 떨어질 때  카페인이 필요할 때  속이 출출할 때 커넥틀리에서 비치한 각종 간식들과 음료를 무제한으로 제공!! 5. 커넥틀리에서 고민해서 준비한 복지 -통신비 지원: 5G 도입되면서 높아진 통신요금을 커넥틀리에서 함께 부담합니다!! (매달 5만원 지원)-점심식사 지원: 코로나19로 외부식사가 꺼려질 커넥틀리 임직원분들을 위한 새로운 복지! 점심 고민 없이 편하게 식사시간을 즐기세요! 매일 식사를 배달로 주문해드립니다 :),상시,테헤란로 415  2층 203호 204호 (스파크플러스 선릉점),
https://wanted.co.kr/wd/140435,Mon Jan 30 2023 20:03:34 GMT+0900 (대한민국 표준시),에이제이네트웍스,AJ네트웍스는 IT기기와 건설장비  물류용 파렛트를 주력으로 하는 국내 최대 종합 렌탈 기업입니다.# 국내 최대 렌탈 기업   - 자산 운영 규모 7천억원  150 000여 고객사에 최적화 된 렌탈 제품은 신속하고 안정적으로 공급하며  우수한 자산관리 역량을 인정 받고 있습니다.# 오랜 운영 노하우   - 20여 년간 축적한 렌탈 자산 운영 전문성을 바탕으로 고객의 요구에 맞는 통합 서비스 플랫폼을 구축하고 다양한 산업에서 생산성 향상과 효율적인 업무를 지원합니다.# 업계 최초 유가증권 상장   - 지난 2015년 업계 최초로 유가증권 시장에 상장하며 시장의 선도적 사업자로 자리매김 하고 있습니다. 고객과 회사가 함께 성장하고 나눌 수 있도록 최선을 다하겠습니다.# 세계와 함께하는 글로벌 브랜드   - 업계 최상위 시장점유율을 기반으로 미국  베트남 등 렌탈수요와 성장률이 높은 지역으로 진출  현지 파트너쉽 기반의 확장으로 글로벌 시장 경쟁력을 강화하고 있습니다.,IT 개발/운영 담당자,[IT 개발/운영]• ERP 외 대외 서비스 유지보수 및 신규개발• PRS(파렛트 렌탈 시스템) 유지보수 및 신규개발• 모바일 앱 유지보수 및 신규 개발• 효율적인 개발환경 구축 및 시스템 개선,• 초대졸 이상• 백엔드 개발 및 운영 경력 3년 이상• Java  Spring framework 개발 경력 3년 이상• Javascript  HTML  CSS 활용 가능자• SQL server  MySQL 등 RDBMS 사용 경험자,• React.js  Vue.js 개발 경험자• Git  Jira  Confluence 등 협업 툴 사용 경험• 관련분야 자격증 소지자• 컴퓨터공학 및 전산 관련 전공자,• 보상제도: 각종 수당 별도지급  장기근속자 포상  인재추천 포상 등• 건강관리: 단체상해보험 및 의료비 지원  건강검진 실시(매년)  심리상담 지원  금연수당 지급• 경조사 지원: 경조휴가 및 경조금 지원  명절 및 기념일 상품권 지급• 여가지원: 휴양소 지원  사내 동호회 운영• 업무지원: 법인차량 및 법인폰 지급  유류비 지원(일부직군 한정)• 기타 복리후생: 자녀학자금 지원  이러닝 수강 지원  웰컴키트 제공 등,2023.02.08,서울특별시 정의로8길 9,
https://wanted.co.kr/wd/130185,Mon Jan 30 2023 20:03:38 GMT+0900 (대한민국 표준시),휴맥스모빌리티,휴맥스모빌리티 통합서비스개발실은 회사가 보유하고 있는 다양한 모빌리티 서비스 인프라(주차  충전  카셰어링  택시  대리 등)를 연결하여 새로운 플랫폼 서비스를 개발하기 위해 구성된 조직입니다.,벡엔드 개발자 (통합서비스개발실),• 전기차 충전 서비스 플랫폼 개발• 서비스 BackEnd 및 BackOffice 개발,• 학력 : 학사이상• 경력 : 3년 이상• Java 기술 생태계(Java/Spring/JPA)에 대한 이해도가 있으신 분• 웹서비스 및 TCP/IP 통신 처리 개발 경험이 있으신 분• 심플하고 유지 보수하기 좋은 설계를 지향하시는 분• 새로운 환경에 쉽게 적응하고  동료들 간의 커뮤니케이션이 원활하신 분,• 전기차 충전 관련 개발 경험이 있으신 분• AWS  Kubernetes 환경에서 실행되는 다양한 서비스 운영과 관리 경험이 있으신 분• 레거시 시스템 개선 경험 및 대용량 시스템 운영 경험이 있는 분• B2C 서비스 개발 및 운영 경험• 웹/모바일 서비스의 일반적인 아키텍처 이해가 있으신 분,[휴맥스모빌리티 복지 & 혜택]※ 구성원의 건강하고 즐거운 삶을 응원합니다!• 가족과 함께 매년 - 종합 건강검진 지원• 온 가족 다함께 - 단체보험 지원• 기쁜 일  슬픈 일도 함께 - 경조사비 및 경조사물품 지원• 생일자 떠나라! - 휴가 및 선물 지원• 문화 생활도 빠질수 없으니 - 웰빙클럽 이용 지원• 해피프라이데이 - 매월 마지막 주 금요일 3시 퇴근※ 쾌적하고 자율적인 근무 환경을 지향합니다!• 자율복장제 운영• 자유로운 의사소통 및 의견 개진• 단돈 1 000원에 이용 가능한 - 사내카페 운영• 사무실 내 별도 커피머신 및 탕비용품 구비• 연 200만원 상당 점심 식대 지원• 야근 발생 시 식대 및 교통비 지원※ 스스로 성장할 수 있는 자기계발 환경을 제공합니다!• 성과와 기여에 따른 스톡 옵션 부여• 자기주도적으로 성장하는 – 업무 관련 교육 및 컨퍼런스 지원※ 휴맥스모빌리티 만의 혜택과 복지!• 신규 입사 시 웰컴키트 지급• 개인 노트북 및 모니터 제공• 임직원 콘도 이용 지원• 베네피아 임직원몰 이용 지원• 근속 3년마다 Refresh 휴가 제공• 출퇴근도 편안하게 – 카플랫비즈 마이카서비스 이용 지원[채용절차]• 서류심사＞ 인성검사 ＞ 1차면접 ＞ 2차면접 ＞ 처우협의 ＞ 최종합격,상시,황새울로 216 휴맥스빌리지 ,
