"wanted","https://wanted.co.kr/wd/138616","Mon Feb 06 2023 16:09:04 GMT+0900 (대한민국 표준시)","","2023.02.28","이폼웍스","서울특별시 강남구 테헤란로 10길 15, 1층(역삼동)","","","","","","프론트엔드 개발자 (3년 이상)","ㆍ클라이언트 파트 리딩ㆍ위드싸인 신규기능 개발ㆍ위드싸인 사용성 및 성능개선","ㆍ모바일 웹 특성을 잘 활용한 개발경험이 있으신 분ㆍHTML5 Canvas 기반의 툴제작 경험이 있으신 분ㆍJWT를 이용한 REST API 사용 경험이 있으신 분ㆍReact 기반의 프론트엔드 개발 3년 이상 경험이 있으신 분","ㆍHTML 퍼블리싱이 가능하신 분","• 4대보험• 탄력근무제 실시• 자유로운 연월차 사용• 카페테리아 운영 (커피, 라면, 맥주, 와인 무료제공)• 안마의자 및 전문 마사지 서비스 제공• 사내정원 운영• 수평적인 문화를 위한 영어호칭 사용• 근속년수 3년차 유급휴가(2주) 제도 운영• 간단한 아침 및 점심식사 제공","회사소개이폼웍스는 대면과 비대면 방식의 전자계약을 포함한 모든 전자문서 서명을 지원하는 클라우드(AWS=Amazon Web Service) 기반의 전자서명(Electronic Signature) 서비스(SaaS)를 제공하고 있습니다.전자계약을 포함한 동의서/합의서, 신청서, 현장 보고서 등 전자문서 기반의 서명이 포함되는 모든 산업 분야를 서비스 대상으로 하고 있으며 서비스 제공의 방식에서는 일반적인 비대면(전송-작성-완료)의 방식과 대면 방식(PAD, 노트북을 통한 가입 또는 가맹 계약 등에 활용)을 지원하고 있습니다.2012년, 국내에서 최초로 ‘작성(제작)-전송-서명-아카이빙‘ 과정으로 온프레미스(On-Premise)상품으로 출시되었고 2014년 11월, 국내에서 처음으로 온라인 전자계약 서비스(SaaS) 이폼(e.Form)을 출시한 이후 2021년 08월 현재까지 국내와 동남아 해외국가에 서비스 제공 중입니다.2021년 11월, 카카오엔터프라이즈와 카카오인베스트먼트가 참여하는 투자계약서에 서명을 했으며 위드싸인의 탄탄한 기술력과 서비스 경험, 미래 계획에 대해 인정을 받았습니다. 이번 투자 유치를 발판으로 더욱 새롭고 좋은 서비스를 만들어 나가고 있습니다.",""
"wanted","https://wanted.co.kr/wd/129140","Mon Feb 06 2023 16:09:08 GMT+0900 (대한민국 표준시)","","상시","마켓오브메테리얼","경기도 성남시 수정구 대왕판교로 815, 기업지원허브 802호","","","","","","Senior Back-end / Server Engineer","•  안정적이고 확장성 있는 서비스 인프라 및 아키텍처 설계 및 개발• 서비스 기능 제공 및 연동을 위한 API 개발• 개발 프로세스 전반에 대한 기술적 이슈 제기 및 해결","• 7년 이상 Back-end / Server 개발 경력이 있는 분   • RESTful API에 대한 설계 및 개발 경험과 이해가 있는 분• Git 버전관리 등 장기적인 관점으로 확장성 있고 유연하게 설계한 경험이 있는 분","[우대 사항]• 데이터 기반 B2B 서비스 개발 경험이 있는 분• 대용량 데이터 처리를 위한 시스템 설계 및 개발 경험이 있는 분• 협업하는 사람들과 논리적 의사소통을 할 수 있는 분• Test-driven Development(TDD)에 대한 이해와 활용 경험이 있는 분[기술 스택]• Main Language : Python, DRF(Django-Restframework)• mysql (AWS RDS DB) / mongodb(Main No-sql DB) / redis (MessageQue, Cache DB)• AWS Infra / Nginx / Sentry• EFK Stack• Docker, Docker-compose[채용 절차]• 채용 기간 : 상시• 채용 절차 : 서류접수 → 1차 Fit 면접 →  2차 팀 기술 면접 → 합격 발표   • 면접은 대면으로 진행됩니다.• 제출 서류 : 이력서   • 이력서 양식은 자유이며, 지원하신 분을 표현할 수 있는 무엇이든 상관 없습니다.[근무 조건]• 급여: 면접 후 협의• 근무형태: 정규직(수습기간 3개월)   • 수습기간: MOM에 합류하신 후 3개월 동안 MOM이 시간과 노력을 투자할 수 있는 적합한 회사인지, 같이 일하고 싶은 사람들인지 Fit을 확인하는 시간을 갖습니다. 이 기간에도 급여 및 복리후생은 100% 동일합니다.• 근무위치: 경기도 성남시 수정구 대왕판교로 815, 기업지원허브 802호","• 장비 지원   맥북 + 와이드 모니터 + 그 외 필요 장비를 지원합니다.• 연차 24일 지원   MOM은 맡은 역할을 해낸다면, 절대 누구의 눈치도 보지 않고 휴가를 떠나야 합니다.• 유연 근무 지원   시차 출퇴근제를 시행하고 있습니다. 협업 시간(11시~4시)에 팀과 마주하면 됩니다.   재택근무(주 2회)도 가능합니다. 원활한 협업과 의사소통만 필요합니다.• 주차비/주거지원비 지원   주차비 또는 주거지원비를 매월 15만원 지원합니다.• 교육 지원   업무에 필요한 온라인/오프라인 교육을 지원합니다.• 건강검진 지원   건강을 지키는건 MOM의 의무! 정밀건강검진 연1회 지원합니다.• 장기 근속 지원   1년 뒤엔 가볍게 호캉스, 3년 뒤엔 편하게 제주도, 5년 뒤엔 신나게 해외로 떠날 수 있게 회사에서    지원합니다. 10년 뒤엔 1년 유급휴가를 지원합니다.• 경조사 지원   명절에는 10만원 상품권을 지원합니다.   결혼/출산/부고 등 해당 경조사에 유급 휴가와 경조사비를 지원합니다.• 기타   단체 보험 (질병/상해) 가입   Stock option - 채용 시 협의","“오랫동안 변하지 않은 플랜트 산업의 문제를 기술적으로 해결하는 것” 이 MOM 개발팀이 풀어야 할 미션입니다.  MOM은 문제에 대해 깊은 고민과 생각을 바탕으로 직접 가설을 세워 다양한 기술적인 시도를 하고 있습니다. 무엇이 문제인지 인식하고 주체적으로 해결하는 경험을 하며 혼자가 아닌 동료와 함께 협업하여 풀어낼 수 있습니다. 새로운 길을 기술로 개척하고 있는 우리는 열정 있는 Senior Back-end / Server Engineer 가 필요합니다.",""
"wanted","https://wanted.co.kr/wd/118481","Mon Feb 06 2023 16:09:12 GMT+0900 (대한민국 표준시)","","상시","마켓오브메테리얼","경기도 성남시 수정구 대왕판교로 815, 기업지원허브 802호","","","","","","Web Front-end Engineer","• 디자인팀과 협업하여 소프트웨어의 접근성이 엔드 유저에게 가장 높을 수 있게 설계, 기획 및 개발 하는 업무• 사용자 문제 해결을 위한 신규 피처(feature) 개발에 관한 논의에 참여• B2B 서비스를 사용자와 가장 가깝게 이해하고 프론트엔드를 개발하는 업무• 확장성/생산성/안정성을 고려하여 서비스 주요 feature(API, Web, FE-View 포함) 설계/구현/운영","• 1년 이상 8년 이하의 경력 또는 그에 준하는 기술력이 있으신 분   • Modern frontend framework(React, Vue, Angular, etc.)을 활용한 개발 경험이 2년 이상인 분   • ES6+, HTML5, CSS3에 대한 높은 이해를 가지고 있는 분   • State Management Library를 이용한 개발 경험이 있는 분(Recoil, Redux, Vuex, MobX, etc.)   • GraphQL 혹은 RESTFul API 연동 개발 경험자, Restful API에 대한 이해와 실무 경험이 있는 분• 장기적인 관점으로 확장성 있고 유연하게 설계하는 것이 습관화 되어있는 분   • 버전관리, Git 경험이 있는 분","[우대 사항]• 디자인 시스템을 구축하고 해당 디자인 시스템을 활용하여 기획 및 설계하는데 익숙하신 분   • UI/UX의 차이점을 이해하고 고객 중심의 서비스를 설계하는데 익숙하신 분• 데이터 기반 B2C / B2B 서비스를 개발 경험이 있는 분• 협업하는 사람들과 논리적 의사소통을 할 수 있는 분• 데이터 중심적으로 결정을 내리는 문화에 관심이 많은 분[기술 스택]• 코어: React, TypeScript, Nextjs• 상태관리: React-Query• 스타일링: Emotion• CI/CD: Github Actions, AWS Codedeploy• 디자인시스템: Storybook[채용 절차]• 채용 기간 : 상시• 채용 절차 : 서류접수 → 1차 Fit 면접 →  2차 팀 기술 면접 → 합격 발표   • 면접은 대면 면접입니다.• 제출 서류 : 이력서   • 이력서 양식은 자유이며, 지원하신 분을 표현할 수 있는 무엇이든 상관 없습니다.• 제출처 : 온라인 지원[근무 조건]• 급여: 면접 후 협의• 근무형태: 정규직(수습기간 6개월)   • 수습기간: MOM에 합류하신 후 6개월 동안 MOM이 시간과 노력을 투자할 수 있는 적합한 회사인지, 같이 일하고 싶은 사람들인지 Fit을 확인하는 시간을 갖습니다. 이 기간에도 급여 및 복리후생은 100% 동일합니다.• 근무위치: 경기도 성남시 수정구 대왕판교로 815, 기업지원허브 802호","• 장비 지원  맥북 + 와이드 모니터 + 그 외 필요 장비를 지원합니다.• 연차 24일 지원  MOM은 맡은 역할을 해낸다면, 절대 누구의 눈치도 보지 않고 휴가를 떠나야 합니다.• 유연 근무 지원  시차 출퇴근제를 시행하고 있습니다. 협업 시간(11시~4시)에 팀과 마주하면 됩니다.  재택근무(주 2회)도 가능합니다. 원활한 협업과 의사소통만 필요합니다.• 주차비/주거지원비 지원  주차비 또는 주거지원비를 매월 15만원 지원합니다.• 교육 지원  업무에 필요한 온라인/오프라인 교육을 지원합니다.• 건강검진 지원  건강을 지키는건 MOM의 의무! 정밀건강검진 연1회 지원합니다.• 장기 근속 지원  1년 뒤엔 가볍게 호캉스, 3년 뒤엔 편하게 제주도, 5년 뒤엔 신나게 해외로 떠날 수 있게 회사에서 지원합니다. 10년 뒤엔 1년 유급휴가를 지원합니다.• 경조사 지원  명절에는 10만원 상품권을 지원합니다.  결혼/출산/부고 등 해당 경조사에 유급 휴가와 경조사비를 지원합니다.• 기타  단체 보험 (질병/상해) 가입  Stock option - 채용 시 협의","“오랫동안 변하지 않은 플랜트 산업의 문제를 기술적으로 해결하는 것” 이 MOM 개발팀이 풀어야 할 미션입니다.  MOM은 문제에 대해 깊은 고민과 생각을 바탕으로 직접 가설을 세워 다양한 기술적인 시도를 하고 있습니다. 무엇이 문제인지 인식하고 주체적으로 해결하는 경험을 하며 혼자가 아닌 동료와 함께 협업하여 풀어낼 수 있습니다. 새로운 길을 기술로 개척하고 있는 우리는 열정 있는 동료가 필요합니다.",""
"wanted","https://wanted.co.kr/wd/64852","Mon Feb 06 2023 16:09:16 GMT+0900 (대한민국 표준시)","","상시","데이터비","서울특별시 마포구 백범로 31길 21, 서울창업허브 본관 607호","","","","","","AI Engineer (ML/DL)","서비스의 핵심인 딥러닝 기반 자연어처리 알고리즘의 성능을 향상시키고, 이 알고리즘이 서비스 웹사이트 Engram 에서 원활하게 구동될 수 있도록 개발하는 역할을 합니다. 주요 업무는 다음과 같습니다.- 자연어 처리에 관련된 Machine Learning 및 Deep Learning 모델 설계 및 테스트- 최신 연구 논문에 대한 리서치 및 아이디어 토론- 현재 회사에서 사용중인 딥러닝 모델의 개선방안 연구- 시각화 툴을 사용한 효율적인 분석 결과 공유","- Python을 이용한 개발 경험 (pytorch, tensorflow, scikit-learn 등)- 문제에 대한 고민과 토론을 즐기시는 분- 자연어 처리에 대한 관심과 이해가 있으신 분- 기본적인 데이터 전처리에 대한 이해와 경험이 있으신 분- 대용량의 데이터에 대한 최적화를 고민해보신 분","- 데이터와 소프트웨어 기술이 사람간의 의사소통을 더 원활하게 도울 수 있다고 믿는 분- 미래의 성장과 성공을 위한 계산된 위험을 두려워하지 않는 분- 자연어 처리 기술 개발과 활용에 대한 관심 및 경험이 많은 분- 새로운 것을 배우고 성장하고자 하는 욕구가 강한 분- 말보다는 결과물을 통해 동료의 신뢰를 쌓으실 분- 상사와 동료의 의견이 본인의 의견과 다를 경우 근거를 가지고 자신의 주장을 이야기할 수 있는 분- 영어 의사 소통 능력 향상에 관심이 있는 분","전형절차- 서류검토 ＞ 1차 면접 (문화적합성) ＞ 2차 면접 (기술적합성) ＞ 최종합격보상 및 근무 조건- 딥러닝 및 머신러닝 인프라(GPU 서버, 클라우드 인프라 등)에 대한 아낌없는 투자- 최신 노트북과 복수의 모니터 등의 개발 업무 환경 구성- 개발 경력에 따른 평균 연봉 이상의 급여 제공 (열정 페이 없음)- 급여와 별도로 성과에 따른 성과급 및 스톡옵션 제공- 4대 보험- 자유로운 출퇴근 복장 (사회에 물의를 주지 않는 범위 안에서)기업문화 및 복지- 대표를 포함한 모든 직원이 개발에 참여하고, 함께 배우면서 만들어가는 문화- 아이디어에 대한 자유로운 토론, 구현, 테스트를 장려하는 분위기- 연구와 개발에만 몰두할 수 있는 업무 환경- Slack, Notion 등의 협업툴을 이용한 효과적인 협업- 회사에 대한 기여도에 대해서만 성과 평가- 불필요한 야근 및 회식 없음- 비효율적인 회의, 보고서 작성 없음- 그 외 문화와 복지에 대한 아이디어가 있으면 대표에게 직접 건의","우리는 오랫동안 영어를 배워왔지만, 여전히 어색한 영어 표현을 사용합니다. 그 이유는 영어가 우리의 모국어가 아니기 때문입니다. 그렇다고 매번 영어를 잘 하는 사람의 도움을 받기도 어렵습니다. 영어 공부를 해서 이런 실수를 줄이는 것도 한계가 있습니다.데이터비는 이러한 어려움을 해결하기 위해 아마존 미국 시애틀 본사 PM출신 대표가 통계학 박사인 공동 창업자와 함께 설립한 기업입니다. 데이터비의 두 공동 창업자는 미국 회사 재직 시절 자연스러운 영어 표현을 사용하는 것에 어려움을 느꼈고, 이에 대한 해결책으로 인공지능 기반 자동 영문 교정 서비스 Engram을 개발하였습니다. 데이터비는 여기에 문서 작성에 도움이 될 수 있는 다양한 기능을 추가하여, 사람의 창의성과 의사 소통 생산성을 극대화하고자 하는 비전을 실현하고자 합니다.Engram이 목표로 하는 AI writing assistant 시장은 영어를 외국어로 사용하는 미국, 인도, 필리핀, 한국 내 5억 명 이상의 잠재 고객으로 이루어져 있으며, 매년 30% 가까운 성장률을 보이고 있습니다. 데이터비는 이렇게 성장 가능성이 높고 도전적인 과제를 함께할 동료를 찾고 있습니다.",""
"wanted","https://wanted.co.kr/wd/140104","Mon Feb 06 2023 16:09:20 GMT+0900 (대한민국 표준시)","","상시","아보엠디코리아","서울 강남구 역삼로 169 명우빌딩 5층","","","","","","프론트엔드 웹 엔지니어 (5년 이상)","• 리엑트로 되어 있는 CDS(임상의사결정지원) 시스템 및 노코드 빌더의 기능 개발• 2주 단위 애자일 스프린트로 기능개발 및 요구사항에 대한 의견을 제시합니다.• 하위 컴퍼넌트 요구사항을 정리하여 신입 및 외주 개발자에게 한국어/영어로 전달 합니다.• 리액트 네이티브 모바일 앱과 노코드 빌더 간에 재사용 가능한 자바스크립트/타입스크립트 코드를 파악 및 공유합니다.• 기능 개발 시간 추정 및 실제 개발 시간의 차이를 줄일 방안에 대해 회고 합니다.• UI 테스트를 합니다. (Storybook & Chromatic)• 단위 테스트 및 통합 테스트를 작성합니다. (Jest & Puppeteer)","• 자기에게 부여된 역할이나 태스크가 지나치게 많거나 적을 때 유연하게 주도적으로 관리할 수 있는 능력 (예. 프로젝트를 제안함, 할당된 프로젝트의 분산을 요청)• 한국어와 영어 커뮤니케이션 스킬• 디자이너와 다른 개발자와 원격으로도 팀으로써 소통할 수 있는 능력• Typescript, React Hooks (Jest, Puppeteer, Storybook, Firebase)","• 노코드 빌더 개발 경력• Draft-js, React-flow 라이브러리 활용 경력• 리액트 네이티브 개발 경력• next.js 마이그레이션 경력• 깃헙, 스택오버플로우, 혹은 기타 코딩테스트의 성과• 헬스케어 관련 경력","• 자유로운 출퇴근 시간, 유연근무제• 근무형태(사무실 출근, 재택) 협의가능• 리프레쉬를 위한 자유로운 연차 사용 (연차, 반차, 반반차 등)• 상호 존중, 수평적인 조직 문화• 업무에 도움이 되는 교육 및 세미나/도서 비용 지원• 생일 유급 휴가• 업무에 관련된 일에 관해서는 자유롭게 어필할 수 있는 분위기","뉴욕 및 서울에 소재한 헬스케어 스타트업 AvoMD 의 CDSS(임상의사결정지원시스템) 및 노코드 빌더의 기능 개발을 담당하실 개발자 지원을 기다립니다.담당하실 소프트웨어는 최종 의료인이 사용하는 봇 서비스인 “AvoMD”와, 이를 설계하는 일종의 노코드 비주얼 프로그래밍 툴인 “AvoBuilder” 입니다. AvoMD는 의료진의 정확한 임상 의사결정을 지원하는 노코드(No-Code) 플랫폼으로, “의사나 환자가 사용할 수 있는 앱을 만들 수 있는 레고 플랫폼” 입니다. 예를 들어서 AvoMD 플랫폼으로 “이 환자에 맞는 올바른 당뇨 약물 처방 관리 앱“을 개발이나 디자인에 대한 지식이 없는 의사가 직접 만들고 관리할 수 있습니다.AvoMD는 의료 관련에 초점을 맞춘 글로벌 스타트업으로 미국과 한국의 의료기관/학회/제약사 등과 협업하며 의료시장에 빠르게 진출하고 있으며, 주 시장은 미국이나 디자인을 포함한 R&D는 주로 한국에서 이루어지고 있습니다. 현재 클라이언트/파트너로는 미국의협 (AMA), 전세계 신장협회 (KDIGO), 컬럼비아 대학병원 등 의료기관이나 아스트라제네카, 로슈 등 제약회사들이 있습니다. 전세계 모든 IT 회사들이 다운사이징을 하는 가운데 AvoMD는 뉴욕 최대 헬스케어 VC 중 하나인 AlleyCorp 을 비롯한 미국의 VC들로부터 올해 11월에 450만달러를 유치했습니다.[AvoMD로의 합류 여정]서류 전형  1차 면접/코디테스트  2차 면접  처우협의  입사[서류제출]경력 중심의 이력서 (필수)",""
"wanted","https://wanted.co.kr/wd/133816","Mon Feb 06 2023 16:09:29 GMT+0900 (대한민국 표준시)","","상시","에어스메디컬","강남구 테헤란로 223, 13층, 14층","","","","","","Research Scientist","• MRI 저품질 영상 복원 딥러닝 모델 개발• MRI 시퀀스 리컨 파이프라인 연구• MRI 콘솔 파라미터 연구","• 수학적 사고• 집요함• Discussion 능력","• 임상, 의학에 관심이 많으신 분","• 자유로운 유연근무제 - 개발 인원: 재량근로시간제 또는 선택적근로시간제 - 비개발 인원: 6am-10pm 사이 자유롭게 출퇴근하는 선택적근로시간제 (월단위 정산)• 원할때 승인없이, 한도없이 쓸 수 있는 휴가• 원하는 간식과 커피 제공","에어스메디컬은 헬스케어 시장의 패러다임을 바꾸는 의료AI 솔루션을 개발, 공급하는 스타트업입니다. 접근성과 생산성이 낮은 의료서비스들을 중심으로 누구나 필요로 하고 원할 때 의료서비스를 누릴 수 있도록 정체된 시장에 인공지능을 활용한 기술혁신으로 새 활력을 불어넣고 있습니다.에어스메디컬에는 각 분야 최고 수준의 역량과 열정을 겸비한 인재들이 모여 상호 신뢰를 바탕으로 자유롭게 하지만 책임감 있게 일하고 있습니다. 사회에 파급력 있는 난제를 최고의 동료들과 함께 풀어가는 그 자체가 설레고 성장동력이 되는 동료들을 기다립니다.보다 상세한 사항은 회사 홈페이지 및 노션 페이지 참고 바랍니다.",""
"wanted","https://wanted.co.kr/wd/141563","Mon Feb 06 2023 16:09:36 GMT+0900 (대한민국 표준시)","","2023.02.10","브레인즈컴퍼니","서울특별시 성동구 성수이로 87 성문빌딩 5층~8층","","","","","","빅데이터 통합관리 개발(Node.JS)","• 빅데이터 수집 기능(파일 수집, DB데이터 수집, FTP/SFTP 수집 및 SYSLOG) 개발• 수집한 데이터를 파싱하여 검색엔진(ElasticSearch)에 저장하고 검색하는 기능 개발• 사용자 정의 대시보드와 보고서 개발• CEP엔진을 활용한 성과분석, SQL 쿼리 및 REST API를 활용한 다양한 분석 기능을 개발• 데이터 수집 변환, AI 알고리즘 적용, 학습, 평가 및 시각화를 자동으로 할 수 있는 AI 시스템 개발＜경력 관리＞• NodeJS를 기본으로 하고 JavaScript, Python, Java, Scala 등 다양한 개발 언어들을 접해보실 수 있습니다.• 검색엔진 ElasticSearch, 웹서버 Express.js, 메시징 시스템 Apache Kafka, 대용량 분산 시스템을 위한 Zookeeper, WAS인 Apache Tomact, 인메모리 스토어 Rdies, RDBMS, PostgreSQL, 빅데이터 분석엔진 Apache Spark, 보고서 엔진 Jasperreport 등 다양한 플랫폼과 미들웨어를 경험해보실 수 있습니다.• HTML, JavaScript, CSS, React, npm, yarn, ES6, jQuery, BootStrap, Responsive Web, Highchart, vegachart 등 다양한 프런트엔드 라이브러리와 미들웨어에 익숙한 개발자가 되실 수 있습니다.• 모든 과정에서 본사에서는 충분한 리소스를 투입하여 업무에 필요한 교육과 배움의 기회를 드립니다.","＜공통 자격요건＞• 학력 및 경력의 기간을 정확히 기재해주세요• 보유 기술 별로 지원자의 수준과 경험이 어느 정도인지를 상세히 기재해주세요＜이런 사람을 원해요＞• NodeJS 개발 경험이 있으신 분• SIEM 개발이 가능하신 분• SOAR 개발이 가능하신 분","• 전공 : 전산학, 컴퓨터공학, 시스템공학","[브레인저 혜택]• 2년에 한 번 전직원 해외여행• 매년 5~8인의 소그룹으로 해외 전시회 참관• 아침식사를 제공• 원두커피와 함께 각종 음료 등 간식(피자 등)제공• 스톡옵션을 운영• 주택 및 생활 자금 대출 지원• 도서구입비 등 교육 비용 무제한• 청년내일채움공제 및 청년 소득세 감면[채용절차]• 서류전형 → 온라인 코딩테스트 → 기술 인터뷰 → 연봉제시 및 수락 → 최종합격[지원 시 주의사항]• 3개월의 수습 기간이 있습니다.(수습 기간 동일 급여와 복리후생 보장)• 지원 서류에 보유 기술 별 지원자의 수준과 경험을 상세히 기재해 주세요.• 이력서에는 고등학교 이상의 학력과 경력을 빠짐없이 기재해 주시기 바랍니다.• 자기소개서에는 반드시 아래 내용을 포함해주세요. - 본인 역량 확보를 위해 어떤 노력을 하고있나요? - 브레인즈컴퍼니에 지원하는 동기는?[참고사항]• 코딩 테스트는 서류 합격자에 한해 별도 연락드립니다.• 본 채용은 수시 진행으로 우수 인재 채용 시 마감될 수 있습니다.","빅데이터에 기반한 AI 시스템을 개발할 NodeJS 개발자를 모십니다.(자격을 갖춘 분에게는 단 1원의 네고 없이 원하는 연봉을 드립니다)[참고] 신입 4천만원브레인즈컴퍼니는 지능형 IT 인프라 서비스 관리 소프트웨어 전문기업으로 2000년에 설립됐으며 클라우드 모니터링 시장 선점 등 신규 사업을 확장을 위해 2021년 코스닥에 상장했습니다. 최근에는 인공지능(AI), 클라우드 사업 강화를 위해 에이프리카 경영권을 인수하여 클라우드 네이티브 인프라 환경에서의 시너지 극대화에 힘쓰고 있습니다.제품명 : Zenius-LogManager이기종의 다양한 장비에서 발생되는 대용량 로그(Log)를 수집/분석하고 통합적으로 모니터링하고 관리할 수 있는 시스템으로 독보적인 인덱싱 및 검색 속도를 제공하며, 확장성, 편의성, 효율성, 호환성 등의 특징 및 장점을 보유한 제품입니다.정형/반정형 또는 비정형 로그에 대한 실시간 수집 및 신속한 분석 기능을 제공하며, 이러한 정보들을 다양한 차트와 대시보드를 통해 직관적으로 가시화합니다.또한, 로그 이벤트 발생 시 즉각적인 알람을 통하여, 빠른 문제 해결과 높은 가용성을 확보하도록 지원합니다.",""
"wanted","https://wanted.co.kr/wd/67198","Mon Feb 06 2023 16:09:40 GMT+0900 (대한민국 표준시)","","상시","살린","서울특별시 마포구 월드컵북로 396, 누리꿈스퀘어 연구개발타워 804호","","","","","","유니티(Unity) 개발자","• Unity Engine 기반 VR / AR / Mobile 앱 개발• Unity Engine 기반 메타버스 앱 (Mobile, PC, VR) 앱 개발","• Unity Engine• C#","• 관련 학과 졸업• 해당 직무 근무 경험","• 재택근무(금) / 주• 자율 출근(8 ~ 10시)• 교육비 지원","실감 기술로 새로운 고객 경험(메타버스)을 만드는 회사살린은 실감 기술(VR / AR / XR)을 기반으로 고객 경험의 영역을 확장하고이를 통해 우리가 소통하고, 일하고 여가를 즐기는 방식의 혁신을 선도합니다.",""
"wanted","https://wanted.co.kr/wd/77555","Mon Feb 06 2023 16:09:44 GMT+0900 (대한민국 표준시)","","상시","젠스타메이트","서울시 중구 을지로5길 16","","","","","","웹 서비스(Back-end) (5년 이상)","백엔드 개발자• 데이터 기반의 종합부동산 백오피스 시스템 개발• 서비스 개발을 위한 개발 전략 수립• 프로젝트 중간관리자","Back-end 5~10년 또는 그에 준하는 실력을 보유한 분* 아래 요건 중 하나 이상일 경우 지원 가능• 언어: Java(kotlin), Go 혹은 Node.js 중 하나 이상 언어로 백엔드 업무 경험• 클라우드 네이티브 (AWS) 설계 및 운영 경험• PostgreSQL, DynamoDB 혹은 MongoDB 등의 데이터베이스에 대한 높은 이해도","• Front end에 대한 기본적인 이해• 비개발 직무 실무자와의 원활한 커뮤니케이션 보유자• 개발팀 운영 경험자• 프롭테크 개발 경험이 있거나 신사업에 큰 관심을 가지신 분• 대량 트래픽 처리 경험이 많은 분• 오픈소스 커뮤니티에 기여한 경험이 있는 분• 다양한 개발 환경에서 경험","• 4대 보험• 개발에 필요한 장비 지원• 업무 역량 향상을 위한 자기 개발비 지원• 의료비 지원, 단체 정기보험, 건강검진 지원• 휴가제도 운영, 동호회 활동 지원, 콘도 미니엄 운영• 자녀 학자금 및 본인 학위 취득 지원• 경조사 및 상조서비스 지원• 장기근속 포상, 기념일 선물 증정, 도서 및 간식 지원• 자유롭고 유연한 팀 분위기[팀문화]• 배움에 대해서 조심스럽지만 도전합니다. 새로운 기술, 알아야하는 지식에 대해서 고민하고 도전합니다.• 다양한 사내 동호회 활동이나 데일리 클래스에 단체 참여하여 즐거운 시간을 보냅니다. • 필요하지만 없는 인적자원에 대해서 외부 전문가를 모시는 것에 대해 열려 있습니다. (개발전문 자문역 초빙)• 점심 메뉴 선택에 모든 역량을 집중합니다.  서울시 중구만의 오래된 노포를 향한 다양한 식도락!","국내 1위 종합 부동산 서비스 회사인 젠스타메이트가 시스템 개발(WEB)을 위한 역량 있는 인재를 모집합니다.‘부동산 Total Service Provider’로서 삼성생명을 비롯한 국내 유수 기업들의 자산관리 및 임대차 자문에서 투자자문과 개발사업에 이르기까지 다양한 부동산 서비스를 보유한 젠스타메이트는 최근 부동산 시장에 대두되고 있는 Proptech 서비스 준비하고 있습니다.상업용 부동산 업계의 비즈니스를 선도하는 젠스타메이트와 함께, 사람들이 더 나은 공간에서 행복하게 근무하는 세상을 만드는데 동참하고 싶은 분들의 참여를 기다립니다.[ 채용인원 ]- 1명[ 전형일정 ]- 채용기간 : 채용 마감시까지- 서류전형 ＞ 인성검사 ＞ 면접(실무진) ＞ 면접(경영진) ＞ 최종합격[ 근무조건 ] - 근무시간: 1일 8H (주5일제)  - 급여조건: (희망연봉 기재)[ 지원방법 및 제출서류 ] - 이력서, 경력기술서(프로젝트 기술서, 포트폴리오) - 기본정보(최종학력, 관련 교육 수료 및 이수 현황) 등이 기재되지 않은 경우는 서류 검토없이 불합격 처리 됩니다.  - 자신의 프로젝트 중 가장 성공적이었던 프로젝트 산출물/소스코드에 대한 자료/내용(링크 등)을 상세히 작성해 주세요.ex) 자신의 github 계정에 등록된 내 최고의 프로젝트의 링크 - 제출서류는 자유양식이나 최소한의 간단한 자기소개와 지원동기를  반드시 기재해주세요.  - 본인의 노션/블로그/SNS에서 어필하고 싶은 내용은 요약 및 설명과 함께 상세링크로 올려주세요.",""
"wanted","https://wanted.co.kr/wd/77564","Mon Feb 06 2023 16:09:48 GMT+0900 (대한민국 표준시)","","상시","젠스타메이트","서울시 중구 을지로5길 16","","","","","","웹 서비스(Front-end) (3년 이상)","웹 서비스(Front-end) 개발  • 상업용부동산 웹서비스 개발 • 신규 사업 Prototype 플랫폼 개발 • 서비스 구현을 위한 개발전략 수립 • 상업용부동산 데이터 수집 및 분석 • 플랫폼의 서비스 기획 / 운영 / QA","3년 이상의 웹서비스 개발 경력 혹은 그에 준하는 실력을 보유한 분 • SPA 개발 경험(Vue, React) • HTML, CSS, Javascript 환경에 익숙한 분 • Web 통신 기반의 서비스 개발 경험 • UX/UI에 대한 깊은 이해","• 퍼블리싱 능력• 유연한 커뮤니케이션 및 협업에서 적극적이신분 • 스타트업 서비스 개발 참여 경험• 사용자 관점에서의 개발에 익숙한 분• 데이터 수집 및 분석 경험• 변화를 두려워 하지 않고 도전적인 분","• 4대 보험• 개발에 필요한 장비 지원• 업무 역량 향상을 위한 자기개발비 지원• 자율 출근제• 자유롭고 유연한 팀 분위기• 초기 모델 구축 후 선택에 따라 스핀오프 가능(투자 지원)[팀문화]• 배움에 대해서 조심스럽지만 도전합니다. 새로운 기술, 알아야하는 지식에 대해서 고민하고 도전합니다. 그리고 회사를 위해서 성과를 내도록 합니다.  • 다양한 사내 동호회 활동이나 데일리 클래스에 단체 참여하여 즐거운 시간을 보냅니다. • 필요하지만 없는 인적자원에 대해서 외부 전문가를 모시는 것에 대해 열려 있습니다. (개발전문 자문역 초빙)• 점심 메뉴 선택에 모든 역량을 집중합니다.  서울시 중구만의 오래된 노포를 향한 다양한 식도락!","국내 1위 종합 부동산 서비스 회사인 젠스타메이트가 플랫폼 개발을 위한 역량 있는 인재를 모집합니다.산업 환경 변화에 따라 젊은 창업가들 및 단기 프로젝트 업무들이 증가하면서 업무 공간 수요도 빠르게 소형화, 다변화되고 있지만, 상업용부동산(오피스, 리테일, 물류) 정보는 주택 부동산 대비 상대적으로 폐쇄적이고 계약 복잡성이 높아 다수의 사업가들이 어려움을 겪고 있습니다.이에 ‘부동산 Total Service Provider’로서 삼성생명을 비롯한 국내 유수 기업들의 자산관리 및 임대차 자문에서 투자자문과 개발사업에 이르기까지 다양한 부동산 서비스를 보유한 젠스타메이트는 최근 부동산 시장에 대두되고 있는 Proptech 서비스 준비하고 있습니다.시작하는 단계에 있어 처음부터 아웃풋을 찍어내는 것 보다는 긴호흡으로 구성원들간에 상호 긍정적인 영향을 받으며 시너지를 발산할 수 있는 팀을 만드는 것에 초점을 두고 있습니다. 상업용 부동산 업계의 비즈니스를 선도하는 젠스타메이트와 함께, 사람들이 더 나은 공간에서 행복하게 근무하는 세상을 만드는데 동참하고 싶은 분들의 참여를 기다립니다.[ 전형일정 ] - 서류전형 ＞ 면접(인성검사) ＞ 임원면접 ＞ 채용[ 근무조건 ] - 근무시간: 1일 8H (주5일제)  - 급여조건: 협의 (희망연봉 기재)[ 지원방법 및 제출서류 ] - 이력서, 경력기술서(프로젝트 기술서, 포트폴리오) - 기본정보(최종학력, 관련 교육 수료 및 이수 현황) 등이 기재되지 않은 경우는 서류 검토없이 불합격 처리 됩니다.  - 자신의 프로젝트 중 가장 성공적이었던 프로젝트 산출물/소스코드에 대한 자료/내용(링크 등)을 상세히 작성해 주세요.ex) 자신의 github 계정에 등록된 내 최고의 프로젝트의 링크 - 제출서류는 자유양식이나 최소한의 간단한 자기소개와 지원동기를  반드시 기재해주세요.  - 본인의 노션/블로그/SNS에서 어필하고 싶은 내용은 요약 및 설명과 함께 상세링크로 올려주세요.",""
"wanted","https://wanted.co.kr/wd/97519","Mon Feb 06 2023 16:09:53 GMT+0900 (대한민국 표준시)","","상시","젠스타메이트","서울시 중구 을지로5길 16","","","","","","Back-end 개발자(신입)","Back-end 개발자• 현업에서 필요한 부동산 업무 관련 내부 시스템 신규개발/유지보수• 상업용 부동산을 기반으로 한 관련 서비스 플랫폼","• 입사 후 1개월 이내 졸업증명서 제출 가능하신 분 • Algorithm, Data structure, Programming 등에 대한 기본적인 이해가 있으신 분• 프롭테크 분야에 관심을 가지신 분• 개발시 Github 등을 이용한 협업 또는 버전관리를 하시는 분• 비개발 직무 실무자(기획/디자인,퍼블리싱)와의 원활한 커뮤니케이션이 가능한 분• 개개인이 아닌 팀으로 일하기 원하시는 분","• 신사업 및 신기술에 관심이 많으신 분• 클라우드를 이용한 인프라 설계 및 운영에 대한 학습/경험(AWS 사용)","• 4대 보험• 개발에 필요한 장비 지원• 업무 역량 향상을 위한 자기개발비 지원• 자율 출근제• 자유롭고 유연한 팀 분위기• 초기 모델 구축 후 선택에 따라 스핀오프 가능(투자 지원)[팀문화]• 배움에 대해서 신중하게 도전합니다. 새로운 기술, 알아야하는 지식에 대해서 고민하고 공부합니다. 공부로 끝나는게 아니라 실제 회사를 위해서 적용해야합니다. 성과를 내야합니다. • 다양한 사내 동호회 활동(봉사활동)이나 데일리 클래스(칵테일메이킹)에 단체 참여하여 즐거운 시간을 보냅니다. • 필요하지만 우리에게 없는 인적자원에 대해서 외부 전문가를 모시는 것에 대해 열려 있습니다. (개발전문 자문역 초빙/컨설팅)• 점심 메뉴 선택에 모든 역량을 집중합니다. 서울시 중구만의 오래된 노포를 향한 다양한 식도락! 맛집지도를 만들어 갑니다.","국내 1위 종합 부동산 서비스 회사인 젠스타메이트가 플랫폼 개발을 위한 역량 있는 인재를 모집합니다.산업 환경 변화에 따라 젊은 창업가들 및 단기 프로젝트 업무들이 증가하면서 업무 공간 수요도 빠르게 소형화, 다변화되고 있지만, 상업용부동산(오피스, 리테일, 물류) 정보는 주택 부동산 대비 상대적으로 폐쇄적이고 계약 복잡성이 높아 다수의 사업가들이 어려움을 겪고 있습니다.이에 ‘부동산 Total Service Provider’로서 삼성생명을 비롯한 국내 유수 기업들의 자산관리 및 임대차 자문에서 투자자문과 개발사업에 이르기까지 다양한 부동산 서비스를 보유한 젠스타메이트는 최근 부동산 시장에 대두되고 있는 Proptech 서비스 준비하고 있습니다.시작하는 단계에 있어 처음부터 아웃풋을 찍어내는 것 보다는 긴호흡으로 구성원들간에 상호 긍정적인 영향을 받으며 시너지를 발산할 수 있는 팀을 만드는 것에 초점을 두고 있습니다. 상업용 부동산 업계의 비즈니스를 선도하는 젠스타메이트와 함께, 사람들이 더 나은 공간에서 행복하게 근무하는 세상을 만드는데 동참하고 싶은 분들의 참여를 기다립니다.[ 전형일정 ] - 서류전형 ＞ 기술실무/임원면접(인성검사) ＞ 채용[ 근무조건 ] - 근무시간: 1일 8H (주5일제)  - 급여조건: (희망연봉 기재)[ 지원방법 및 제출서류 ] - 이력서, 경력기술서(프로젝트 기술서, 포트폴리오) - 기본정보(최종학력, 관련 교육 수료 및 이수 현황) 등이 기재되지 않은 경우는 서류 검토없이 불합격 처리 됩니다.  - 자신의 프로젝트 중 가장 성공적이었던 프로젝트 산출물/소스코드에 대한 자료/내용(링크 등)을 상세히 작성해 주세요.ex) 자신의 github 계정에 등록된 내 최고의 프로젝트의 링크 - 제출서류는 자유양식이나 최소한의 간단한 자기소개와 지원동기를  반드시 기재해주세요.  - 본인의 노션/블로그/SNS에서 어필하고 싶은 내용은 요약 및 설명과 함께 상세링크로 올려주세요.",""
"wanted","https://wanted.co.kr/wd/144743","Mon Feb 06 2023 16:09:58 GMT+0900 (대한민국 표준시)","","상시","젠스타메이트","서울시 중구 을지로5길 16","","","","","","Front-end 개발자(신입)","웹 서비스(Front-end) 개발  • 상업용부동산 웹서비스 개발 • 신규 사업 Prototype 플랫폼 개발 • 서비스 구현을 위한 개발전략 수립 • 상업용부동산 데이터 수집 및 분석 • 플랫폼의 서비스 기획 / 운영 / QA","웹서비스 개발을 위한 기본적인 이해와 교육을 받은 분 • SPA 개발 기본지식(Vue, React) • HTML, CSS, Javascript 환경을 이해하시는 분 • Web 통신 기반의 서비스에 대한 기본적인 이해와 교육을 받은 분  • UX/UI에 대한 기본적인 이해와 교육을 받은 분","• 사이드 프로젝트 및 개인 프로젝트 정보를 공유해주실 수 있는 분 • 자신이 공부하고 있거나 알고 있는 지식을 정리하고 꾸준히 업데이트하는 것을 확인 할 수 있는 분","• 4대 보험• 개발에 필요한 장비 지원• 업무 역량 향상을 위한 자기 개발비 지원• 의료비 지원, 단체 정기보험, 건강검진 지원• 휴가제도 운영, 동호회 활동 지원, 콘도 미니엄 운영• 자녀 학자금 및 본인 학위 취득 지원• 경조사 및 상조서비스 지원• 장기근속 포상, 기념일 선물 증정, 도서 및 간식 지원• 자유롭고 유연한 팀 분위기[팀문화]• 배움에 대해서 조심스럽지만 도전합니다. 새로운 기술, 알아야하는 지식에 대해서 고민하고 도전합니다.• 다양한 사내 동호회 활동이나 데일리 클래스에 단체 참여하여 즐거운 시간을 보냅니다. • 필요하지만 없는 인적자원에 대해서 외부 전문가를 모시는 것에 대해 열려 있습니다. (개발전문 자문역 초빙)• 점심 메뉴 선택에 모든 역량을 집중합니다.  서울시 중구만의 오래된 노포를 향한 다양한 식도락!","국내 1위 종합 부동산 서비스 회사인 젠스타메이트가 플랫폼 개발을 위한 역량 있는 인재를 모집합니다.산업 환경 변화에 따라 젊은 창업가들 및 단기 프로젝트 업무들이 증가하면서 업무 공간 수요도 빠르게 소형화, 다변화되고 있지만, 상업용부동산(오피스, 리테일, 물류) 정보는 주택 부동산 대비 상대적으로 폐쇄적이고 계약 복잡성이 높아 다수의 사업가들이 어려움을 겪고 있습니다.이에 ‘부동산 Total Service Provider’로서 삼성생명을 비롯한 국내 유수 기업들의 자산관리 및 임대차 자문에서 투자자문과 개발사업에 이르기까지 다양한 부동산 서비스를 보유한 젠스타메이트는 최근 부동산 시장에 대두되고 있는 Proptech 서비스 준비하고 있습니다.시작하는 단계에 있어 처음부터 아웃풋을 찍어내는 것 보다는 긴호흡으로 구성원들간에 상호 긍정적인 영향을 받으며 시너지를 발산할 수 있는 팀을 만드는 것에 초점을 두고 있습니다. 상업용 부동산 업계의 비즈니스를 선도하는 젠스타메이트와 함께, 사람들이 더 나은 공간에서 행복하게 근무하는 세상을 만드는데 동참하고 싶은 분들의 참여를 기다립니다.[ 전형일정 ] - 서류전형＞ 기술면접 ＞ 임원진 면접(인성검사 포함) ＞ 채용[ 근무조건 ] - 근무시간: 1일 8H (주5일제)  - 급여조건: (희망연봉 기재)[ 지원방법 및 제출서류 ] - 이력서, 경력기술서(프로젝트 기술서, 포트폴리오) - 기본정보(최종학력, 관련 교육 수료 및 이수 현황) 등이 기재되지 않은 경우는 서류 검토없이 불합격 처리 됩니다.  - 자신의 프로젝트 중 가장 성공적이었던 프로젝트 산출물/소스코드에 대한 자료/내용(링크 등)을 상세히 작성해 주세요.ex) 자신의 github 계정에 등록된 내 최고의 프로젝트의 링크 - 제출서류는 자유양식이나 최소한의 간단한 자기소개와 지원동기를  반드시 기재해주세요.  - 본인의 노션/블로그/SNS에서 어필하고 싶은 내용은 요약 및 설명과 함께 상세링크로 올려주세요.",""
"wanted","https://wanted.co.kr/wd/131648","Mon Feb 06 2023 16:10:03 GMT+0900 (대한민국 표준시)","","2023.03.31","지로","서울 강남구 역삼로 165 해성빌딩 팁스타운","","","","","","프론트엔드 개발자","• Next.js, React를 사용해 두둠의 새로운 페이지와 기능을 설계하고 개발• 다양한 디바이스를 고려해 적응형/반응형 스타일링• 개발 팀원들과 협력하여 프로덕트의 성능과 품질을 효율적으로 개선• API 문서를 참고하고, ReactQuery, Axios를 사용해 서버와 상호작용","• Next.js로 개발해보신 분• Typescript로 정적 타이핑이 가능하신 분• 개발 팀원들과 협업하여 개발해보신 분","• 서버 사이드 렌더링(SSR)을 경험해보신 분• 번들 최적화, 렌더링 최적화 등 유지보수를 경험해보신 분• 디자인 가이드(Figma 등)로 협업해보신 분• 전역 상태 관리를 통해 props drilling을 해소해보신 분• ReduxQuery로 API 호출 및 캐시 제어를 경험해보신 분• REST 방식으로 서버와 상호작용이 가능하신 분• Postman을 사용해 보았거나 Open API 3.0에 대한 이해도가 있으신 분• S3, CloudFront 등 CDN에 대한 이해도가 있으신 분","CULTURE & LIFE  • 20대 후반, 30대 초반 멤버들 위주로 구성된 젊고 열정있는 팀이에요. :)• 대표 포함 모두가 -님의 호칭을 사용하며 솔직하게 의견을 공유합니다.• 회사와 개인의 성장이 일치할 수 있도록, 각자의 전문 분야에 200% 몰입하는 환경을 지원합니다.• 언제나 각자의 업무에서 더 나은 방향을 고민하며 업무 효율화를 추구합니다.• 매주 스크럼, 매달 월간리뷰를 통해 회사의 방향성을 함께 점검하고, 피드백을 공유합니다.BENEFITS # 쾌적한 근무 환경을 위해 • 각자 몰입할 수 있는 시간에 맞춰 8:00 - 11:00 유연 출퇴근제 • 건강한 리프레시를 위한 주 1회 재택근무• iMac, Macbook 등 최신형 장비는 기본, 듀얼 모니터 등 악세서리 지원• 즐거운 날은 더욱 즐겁게, 생일 반차 제공• 구내식당 및 1층 카페 무제한 지원# 빠른 커리어 성장을 위해 • 직무 관련 교육 비용은 아낌없이 모두 지원• 원하는 도서 구매 무제한 지원# 기타 혜택 • 장기적인 목돈 마련을 위한 청년내일채움공제 지원• 명절선물, 입사 N주년 등 소소한 선물 제공PROCESS • 서류 전형 → 과제전형 → 직무 인터뷰 → 컬쳐핏 인터뷰 → 최종합격• 서류 전형: 이력서와 포트폴리오 등 직무역량을 보여줄 수 있는 자료를 첨부해주세요.• 과제 전형: 온라인으로 프론트엔드 개발 직무 관련 과제를 수행합니다. 소정의 과제비가 지급됩니다. • 직무 인터뷰: 보내주신 서류를 바탕으로 직무 역량을 파악하기 위한 대면 인터뷰를 진행합니다.• 컬쳐핏 인터뷰: 지로팀의 비전과 방향성에 대해 공유드리고, 지원자분과 지로팀의 컬쳐핏 확인을 위해 캐쥬얼한 분위기에서 티타임 형식으로 인터뷰를 진행합니다.","설립 2년만에 Seed, TIPS 프로그램, Pre-A Round 등 누적 20억 원 투자 유치국내 Top VC들과 실리콘밸리 VC에게 투자 유치 후 폭발적으로 성장하는 스타트업 3조 원 규모의 영상 제작 시장을 소프트웨어로 혁신해나가는 서비스 '두둠'을 운영하고 있습니다. ABOUT US # IT기술과 영상에 진심인 사람들 지로팀은 네이버 클로바의 AI 서비스기획자 출신 공동대표와 국내외 글로벌 해커톤 수상 경력이 있는 공동대표, CTO가 모여 설립한 스타트업입니다. 아직 초기 스타트업이지만, IT 프로덕트 및 영상 산업에 대한 경험과 노하우, 그리고 무엇보다 탄탄한 팀워크를 바탕으로 Product-Market Fit을 찾으며 초고속으로 성장하고 있습니다.  # 개인의 성장과 회사의 성장이 일치하는2021년 5월, 본엔젤스벤처파트너스의 투자 유치 이후 5개월 만에 중소벤처기업부 TIPS 프로그램 선정, 이후 8개월 만에 10억 규모의 Pre-A 라운드의 투자 유치까지 빠르게 성장해왔습니다. 이 과정에서 지로팀의 멤버들 역시 자신의 역량을 키우고, 회사의 성장과 발 맞춰 다음 단계로 성장해왔습니다.지로팀은 하루의 대부분을 보내는 회사에서의 시간이 내가 원하는 모습으로 성장해나가는 시간이 되기를 바라며, 회사와 개인의 성장이 일치할 수 있는 환경을 만드는 데에 집중합니다.# 한국을 넘어 글로벌 시장으로 영상 제작의 어려움은 단지 한국만의 문제점은 아닙니다. 호주 출신의 공동대표, 그리고 다양한 글로벌 백그라운드를 가진 멤버들이 모인 지로팀은 빠른 글로벌 시장 진출을 지향하고 있습니다.  이번 Pre-A 라운드의 실리콘밸리 VC의 투자유치를 통해 2023년부터 본격적으로 북미 시장에 진출하고자 합니다. ABOUT SERVICE 국내 영상 제작 시장은 약 3조 원에 육박하는 거대한 시장이지만, 아직도 비전문가에게는 너무 복잡하고, 어려운 시장입니다. 기존의 영상 제작 시장은 지인의 추천이나 인맥을 통해서만 접근할 수 있던 폐쇄적인 시장이었기 때문입니다. 지로팀은 그 동안 파편화되어 있던 영상 제작 시장의 정보를 공개하고, 적합한 영상제작사를 매칭해주는 것을 시작으로 영상 제작 시장의 비효율을 하나씩 해결해나가고 있습니다. 영상을 의뢰하고, 기획하고, 제작하는 전 과정에 있어 필수적인 영상 제작 플랫폼이 되고자 합니다. 지난해 11월 정식 런칭한 두둠은 영상제작사와 고객을 매칭해주는 영상 제작사 매칭 플랫폼입니다. 현재 450여 팀의 국내 탑티어 영상제작사들과 파트너십을 맺고, 런칭 8개월 만에 국내 최대 규모의 영상 제작 플랫폼이 되었습니다. 네이버, 배달의민족, 토스, 현대자동차 등 국내 대기업과 유니콘 스타트업들을 고객사로 확보하며 빠르게 성장하고 있습니다. ACHIEVEMENT 지로팀은 초기 스타트업으로서 그 성장성과 기술력을 인정받아 배달의 민족, 오늘의집, 채널톡 등 유니콘 스타트업에 투자한 국내 TOP 벤처투자사 본엔젤스벤처파트너스에게 Seed 투자를 유치하고, 최근에는 롯데벤처스, 본엔젤스벤처파트너스에게 Pre-A 투자를 유치했습니다. 또한 법인 설립 전부터 국내 4대 정부지원사업으로 불리는 예비창업패키지 선정, 법인 설립 후 초기창업패키지, 글로벌창업사관학교, 그리고 국내 300여개의 테크 스타트업만 선정하는 TIPS 프로그램까지 선정되며 탄탄하게 성장하고 있습니다.• 2022.10 Pre-A 10억원 규모 투자 유치 (블루포인트파트너스, 롯데벤처스, 프라이머사제파트너스, 본엔젤스파트너스) • 2022.09 글로벌 진출 스타트업 선정 프로그램 82 Startup 최종선정 • 2022.05 롯데벤처스 L-Camp 10기 최종선정• 2022.03 초기창업패키지 최종선정• 2022.03 글로벌창업사관학교 최종선정• 2021.11 중소벤처기업부 TIPS 프로그램 최종선정 (5억원) • 2021.11 두둠 정식서비스 출시• 2021.07 Amazon AWS 스타트업 최종선정• 2021.05 본엔젤스벤처파트너스 Seed 투자 유치관련 기사 •‘창작이 곧 경쟁력’…뤼튼·지로 등 투자 유치 | 이데일리 |  •초기투자사들이 일제히 주목한 영상제작 스타트업 '두둠' [김종우의 VC 투자노트] | 한국경제 |  •영상제작 플랫폼 ‘두둠’ 운영사 ‘지로’, 10억원 규모 프리A 투자 유치 | 플래텀 |  •인공지능·영상제작·코딩·조각투자에 뭉칫돈…투자 행렬 | 뉴시스 | •영상 제작사 매칭 서비스 `두둠`, 팁스(TIPS) 프로그램 선정 | 매일경제 | •두둠은 왜 영상제작사의 포폴, 견적 정보를 무료로 공개했을까 | 아웃스탠딩 | ",""
"wanted","https://wanted.co.kr/wd/96916","Mon Feb 06 2023 16:10:06 GMT+0900 (대한민국 표준시)","","상시","집펀드","서울특별시 영등포구 여의도동 의사당대로 83, 오투타워","","","","","","nodejs 백엔드 개발자 (팀장급)","• 부동산 플랫폼 서비스에 대한 설계 개발 고도화• 데이터 처리(수집, 가공) Batch 개발 / 관리 (Node.js, MySQL, AWS S3)• API 개발 / 관리 (Node.js)• 배포시스템 고도화 / 관리 (AWS Code Pipline, CodeBuild, CloudFormation)","• 백엔드 실무 경험 2~3년차• Node.js 실무 개발 경력자• Cloud 환경(AWS, Azure 등) 경험이 있으신 분• RDB, MySQL, MongoDB 사용 경험• Web에 대한 이해 - http 프로토콜, 헤더, 캐시, 웹소켓, 전반적인 동작과정# 개발자 경력직 전형은 상황에 따라 30~40분 내외 간단한 코딩테스트가 요구될  수 있습니다.","• 상용화된 서비스 개발 경험이 있으신 분• 서비스 개발 프로세스 및 API기반 서비스에 대한 폭넓은 이해• 자료구조, 네트워크, 운영체제, 알고리즘에 대한 이해• Web개발 경험 또는 Typescript 개발 경험이 있으신 분• Swagger 등 OpenAPI 기반 RESTful 서비스 개발 유경험자• 클린코드를 만들기 위해 지속적으로 고민하고 리팩토링하시는 분• elastic search 실무 경험자• 데이터 비주얼라이제이션 프로젝트 경험이 있으신 분","• ""수요집슐랭가이드"" (매주 수요일 법카로 맛집탐방)• 생일자 오전 근무 (차감없는 오후 반차)• 해피아워 (매월 1회 자유로운 회식)• 간식/커피/음료는 원하는 만큼 제공• 최고 수준 업무환경 (여의도역 도보1분 위워크 공유오피스) • 듀얼 모니터/ 맥북프로/ 모니터 암 및 애플 주변 기기 제공• 유료 컨퍼런스 및 업무관련 교육, 네트워킹 기회 제공","부동산 시장은 최근의 디지털 환경에서 새로운 도약을 기다리고 있는 데이터 분야의 신성장 영역입니다. 이러한 성장의 기회를 함께 발굴해 나갈 백엔드 개발자를 찾습니다. 개인의 성장을 통해 회사가 성장할 수 있도록 노력하고 있습니다. * B2B와 B2C를 연계하는 데이터 기반 플랫폼 서비스를 개발합니다.당사는 부동산 전문 핀테크 기업으로 1000만채에 달하는 주택에 대해 동호수 단위로 구축된 수십종의 data set(시세, 학군, 교통, 부동산, 지역, 금융시장 등 수십종)와 데이터팀 (부동산대학원 겸임교수, 정량적 분석 data scientist)을 운용하고 있으며 Domain specialty를 확보해 전문성 높은 B2B서비스와 B2C서비스, 이를 연계한 플랫폼 서비스를 개발하고 있습니다.* 데이터를 통한 가치창출과 새로운 서비스당사는 서울대 데이터마이닝 연구소와 부동산 데이터 기술을 공동연구 및 KT AI연구소와의 협업을 통해 세계최초의 인공지능 부동산 비서 서비스를 출시한 부동산기술(프롭테크) 기업입니다. 수년간 데이터 전처리와 R&D를 진행하며 단계별로 구축한 빅데이터 DB를 활용하여 고객이 원하는 raw data에서부터 고도화된 분석, AI데이터기술을 제공합니다. 단순한 data visualization이 아닌, 전문화된 데이터 분석 서비스를 제공하는 3세대 부동산 서비스, 개인 맞춤형 서비스와 기술을 개발하고 있으며 이러한 데이터 생태계의 각 단계들을 주체적으로 빚어나갈수 있는 보람과 재미의 기회를 제공합니다.* 월급과 함께 쌓이는 알짜 내공당사의 장점은 즐겁게 일하면서 기술적 성장 뿐만 아니라 부동산 관련 지식과 투자 인사이트도 함께 개발할수 있다는 점입니다. 근무기간 동안 투자 기회를 발견해 성공한 사례도 있을 정도로 평생 도움되는 정보와 지식을 체계적으로 쌓아나갈수 있다는 점은 큰 메리트입니다. 평생의 업으로 부동산을 연구해온 창업자와 기술을 통한 혁신적인 가치창출을 준비하는 팀이 함께합니다.",""
"wanted","https://wanted.co.kr/wd/63545","Mon Feb 06 2023 16:10:11 GMT+0900 (대한민국 표준시)","","2023.02.18","비포플레이","서울특별시 강남구 테헤란로 217 오렌지플래닛 6층 비포플레이","","","","","","프론트엔드 개발자","• 주요 업무• 비포플레이 서비스 클라이언트 개발   - 유저와 직접적으로 만나는 비포플레이의 웹클라이언트를 개발합니다.   - 개발 스택 : Next.js + Redux Toolkit + tailwindcss + RESTful API• 비포플레이 서비스 어드민 개발   - 유저에게 보다 더 다양한 게임을 만나게 해주는 어드민 페이지를 작업합니다.   - 개발 스택 : ReactJS + SSR + Styled-Component + Material UI  + RESTful API• 다른 플레이어(동료)들과 즐겁게 소통 하기","• 프론트엔드 실무 경험 5년 이상• JavaScript(es6+)를 이해하고 계신 분• 능숙한 마크업 능력을 갖추신 분• React hooks로 개발한 경험이 있으신 분• RESTful API를 이용한 백엔드 연동 개발 경험이 있으신 분","• 웹접근성 및 DOM에 대한 이해도가 있는 분• 웹 어플리케이션 성능을 최적화 해보신 분• 게임 플레이, 게임유튜브 시청, E-Sports 관람, 어떤 형태로든 게임을 즐기고 사랑하시는 분• SWR이나 React-qeury를 사용해 개발해 보신 분• Git 등의 분산 버전 관리 시스템 이용에 능숙한 분• 앱 / 웹 서비스 개발 및 운영 경험• PDF 형식의 포트폴리오, 소스코드, 관련 자료 제출• 우대사항은 우대사항일 뿐!","• 전 직원 자율 출근 제도 (사무실 제공)• 협업을 위한 Gitlab, Notion, G-suite, Slack 활용• 업무 장비로 맥북M1프로 지원, Ultrafine 급 모니터, 전용 고급 마우스, 키보드 지원","이제까지 없던 게임 정보/큐레이션 서비스 비포플레이에서 개발팀 멤버를 전 직군 채용합니다. 비포플레이는 게이머들을 위한 게임 편의 서비스를 제공하면서 수집한 데이터를 가공하여 게임관련 개발사, 마케터, 게임 MCN등에 판매하는 비즈니스 모델을 가진 B2B 데이터 분석/판매 기업입니다. 비포플레이는 모든 게이머들이 더 쉽고 즐겁게 게임을을 즐길 수 있게 돕는 게임 정보 사이트이자 게이머들의 놀이터입니다. 이제까지 수집한 80만개의 게임 데이터와 게임마다 라벨링된 키워드를 통해 유저들이 누구나 자신에게 딱 맞는 게임을 다양한 방식으로 찾을 수 있게 돕고, 스팀, 플레이스테이션, 엑스박스, 구글 플레이 등 여러 플랫폼에 흩어져 있는 게임 프로필을 한군데로 모아 간편하게 관리할 수 있게 합니다. 비포플레이는 각각의 게임에 대한 위키피디아이자, 게임 공략을 일일이 검색하지 않고 한군데서 모아볼 수 있는 공략집이며, 게이머 한명 한명이 이제까지 쌓아온 게임 라이프를 기록하고 돌아볼 수 있는 나만의 게임 다이어리입니다. 동시에 나만의 게임 리스트를 만들어 친구들에게 공유할 수 있고, 게임 큐레이터로 활동하면서 함께 게임을 즐길 친구를 찾을 수있는 커뮤니티 플랫폼입니다. 이 비포플레이 사이트에서 나온 데이터를 분석/가공하여 게이머들의 더 나은 게임 생활을 도울 뿐 아니라, 게임 개발사, 게임 마케팅 업체, 게임방송을 진행하는 스트리머나 MCN을 위한 데이터를 생산하여 판매하는 B2B 비즈니스 기업이며, 다가올 클라우드 게임 시대를 누구보다 일찍 대비하고 있는 게임 데이터 분야의 선두기업입니다. 현재 5분의 개발자 분들이 계시고 이번에 투자를 유치하면서 새로운 분들을 또 모시게 되었어요.프론트엔드 개발자 분들은 최대 3분을 더 모실 예정이에요.",""
"wanted","https://wanted.co.kr/wd/133157","Mon Feb 06 2023 16:10:14 GMT+0900 (대한민국 표준시)","","2023.02.28","알에스인터렉티브","서울특별시 마포구 양화로 178-5 10층 (우)04051","","","","","","프론트엔드 React 개발자, 백엔드 개발자","• React Native를 이용한 iOS/Android 앱 개발• UI/UX 개발 및 유지보수• 데이터베이스 구축 및 관리• 신규 서비스 및 웹사이트, 백오피스 개발","• 프론트엔드, 백엔드 5년 이상 경력자• 서비스의 설계부터 개발, 운영 경험자","• 유관업무 경력자• 공학 계열 전공자• 원활한 커뮤니케이션 능력자","• 매월 둘째, 넷째주 금요일 4시간 조기 퇴근• 1년 50만원 상당 헬스케어&도서비 지원• 근속 1년차 이 후 연차 5일 추가 지급• 점심 식대 지원• 생일 조기 퇴근 및 상여금 지원• 매월 팀 회식지 지원","알에스인터렉티브는 자유롭고 논리적인 사고방식과 직면한 장애물 앞에 주저함 없이 뛰어넘으려는 실행력으로 충만한 인재들과 함께 가슴 뛰는 변화를 만들어 나가며 국내 시장 뿐만 아니라 해외 시장 진출까지의 목표를 가진 회사 입니다.",""
"wanted","https://wanted.co.kr/wd/88402","Mon Feb 06 2023 16:10:18 GMT+0900 (대한민국 표준시)","","상시","아이투맥스","부산 남구 문현동 국제금융센터","","","","","","[부산] 공공기관 프로젝트 PL","PL(Project Leader)- 공공/금융 시스템 운영 (경영정보)","- 경영정보시스템(ERP, 그룹웨어)에 관한 지식- 웹 기반 기술(JAVA 등)에 대한 이해도- 경력 7년 이상","• 컴퓨터/시스템공학 전공 • 정보처리기사 자격증 보유자","• 법정연차 외 추가 휴일 5일 부여• 업무 유관 교육비 적극 지원• 도서구매비 지원• 100만원 상당의 프리미엄 건강검진 제공 (동반 1인 추가)• 가족행사 지원(자녀 수능, 입학 등)• 명절선물 / 생일선물 지급• 고성능 업무용 노트북 지급 (최신형 LG 그램, MacBook. 갤럭시북 PRO 택 1)• 지식공유회 개최• 자격증 취득비 지원• 장기근속자 포상 (여행경비 지원, 순금열쇠)• 우수사원 포상• 각종 경조사 지원(경조휴가 및 경조금 지급)• 통 큰! 결혼지원금 지급• 월 1회 Family Day (조기퇴근) 실시• 자유로운 연차사용 장려• 각종 Day 이벤트• 임직원 소통행사 개최","아이투맥스는 세계 1위 클라우드 CRM 솔루션 ‘Salesforce’ 의 국내 유일 플래티넘 파트너사로서 2011년부터 Salesforce를 통해 수많은 고객의 Digital Transformation을 성공적으로 이끌어 왔습니다.아이투맥스는 Salesforce 개발, 구축, 컨설팅, CSS를 비롯하여 고객 맞춤형 교육까지 원스톱으로 제공하는 최고의 ‘Cloud·SaaS 전문가 기업’ 입니다.",""
"wanted","https://wanted.co.kr/wd/108430","Mon Feb 06 2023 16:10:22 GMT+0900 (대한민국 표준시)","","2023.02.28","페이크럭스컴퍼니","서울 금천구 가산디지털1로 25 대륭테크노타운17차 1201호","","","","","","솔루션 QA Tester","• 자사 솔루션 QA 업무 • 테스트 케이스 작성 및 테스트 결과 분석 • QA 프로세스 수행 및 개선 • 프로젝트 상황에 맞는 QA 계획 도출 및 테스트 전략 수립 • 제품 유지보수 및 지속적인 품질 개선","• 경력 3년 이상 web/app 서비스 QA 경력 있으신 분 • SW 테스팅 관련 지식과 이해가 있으신 분 • 주도적인 테스트 케이스 작성 및 테스트 수행 경험이 있으신 분 • 논리적이고 유연한 커뮤니케이션이 가능하신 분","• 결제 및 유관 산업분야 유경험자• 전문 QA 관련업체 재직경험자","• 정규직으로 채용하지만 지원자에 따라 3개월 근무 후 평가에 따라 정규직 전환 여부를 결정합니다.복리후생 규정은 다음과 같습니다. • 시차출퇴근 제도를 운영합니다.   (8시~17시, 9시~18시, 10시~19시)• 체력단련비를 지원해드립니다.• 자기계발을 위한 도서 및 온라인 강의 구입비를 지원합니다.• 건강검진비용중 일부를 회사에서 부담해드립니다.• 명절 상여금 또는 선물을 지급해드립니다.• 각종 경조사 지원금을 지급해드립니다.• 업무 중 편하게 드실수 있는 간식과 음료를 무한 제공하고 있습니다.• 초과근무시 석식을 제공해드립니다.","페이크럭스는 현존하는 매장 관리 솔루션들 중 가장 효율적이고 진보된 서비스(POS & KIOSK)를 제공하고 있습니다. 기존 매장 관리 솔루션들은 기능적인 점에만 초점을 맞추어 제공되어 제한된 역할만 수행하여 시장에서 성장의 한계를 겪고 있습니다. 이러한 환경에서 저희 솔루션에서는 빅데이터를 활용한 마케팅 솔루션 및 오프라인 기반의 커머스 서비스를 제공하여 새로운 유형의 서비스 모델을 만들어 시장에 공급중이며,주요 고객사로는 나이스정보통신, 금융결제원, 효성, 만나플래닛, 한국디지털페이먼츠, 디스커버리, 스노우피크, 영영상점 등 결제사업자 및 유통업체 중심으로 솔루션을 직간접적으로 제공하고 있습니다.그외 다양한 B2B 및 B2C사업자의 니즈를 충족하고자 다방면으로 연구개발 및 서비스를 확장하는 계획중에,  함께할 부문별 전문가를 충원중에 있습니다.",""
"wanted","https://wanted.co.kr/wd/142703","Mon Feb 06 2023 16:10:27 GMT+0900 (대한민국 표준시)","","상시","릴리스타일(LiLi Style)","서울 강남구 테헤란로 431 저스트코타워 1-15층","","","","","","프론트엔드 개발자","• 파트너 사이트, 백오피스를 개발해요.• 서비스에 노출되는 웹뷰를 개발해요.• 사용자가 더 좋은 경험을 할수있게 고민해요.• 해외 오피스 동료들과 리모트로 협업해요.전형 절차:• 서류 전형 -＞ 리모트 미팅 -＞ 기술 인터뷰 -＞ 레퍼런스 체크 -＞ 처우협의 -＞ 최종 합격• 리모트 미팅은 지원자가 릴리 스타일에 대해서 궁금한것을 물어보고, 서로의 fit을 확인하는 과정이에요.   약 30분간 진행될 예정이에요.• 기술 인터뷰는 지원자의 경험을 기반으로 기술 지식과 문제 해결 과정 등을 확인하는 과정이에요.   약 1시간 ~ 1시간 30분 정도 진행되며 별도의 코딩 테스트는 없어요.• 레퍼런스 체크는 지원자가 원하는 현재 / 이전 동료 한분을 선정해서 진행해요.","• 문제 해결 역량을 보여주는 2년 이상의 경력• React, Typescript 에 익숙하신 분• 뛰어난 커뮤니케이션 역량• 좋은 프로덕트를 만드는데 집중하고 그 과정에서 문제해결을 통해 같이 성장할수 있는 분• 리모트로 일하는 동료들과 협업하는것에 문제가 없으신 분","• 스쿼드 조직에서 다양한 직군의 동료들과 협업해본 경험이 있으신 분• 학습능력이 뛰어나신 분• 비즈니스 드리븐 개발을 지향하시는 분• 코드리뷰를 경험 해보신 분","• 직전 연봉 30% 인상• 최신형 맥북 프로, 모니터 지원• 리모트 근무 가능• 기술서적 구매 지원","LiLi Style은 인도네시아의 로컬 여성 의류 e-commerce platform으로 이미 백만명이 넘는 유저들이 사용해본 빠르게 성장하고 있는 앱을 운영하고 있습니다.인도네시아는 2억8천만명의 세계 4대 경제대국으로 전세계에서 가장 빠르게 Digitalization이 이루어지며 e-commerce가 급성장하고 있으며, 젊은 인구구조와 두터운 중산층을 기반으로 투자자들에게 높은 관심을 받는 시장인 반면, 아직 스타트업 생태계가 약해 경쟁이 덜한 매력적인 시장입니다.쿠팡과 같은 거대 커머스 기업들은 존재하지만 지그재그, 에이블리와 같은 Vertical e-commerce 사업자가 없다는 기회를 포착하여 사업을 진행하고 있습니다.투자업계에서 일하며 동남아에서 조단위 수익의 IPO를 수행하고 테크투자를 담당했던 대표가 기회를 포착 창업하여 2022년 4월 350억 밸류로 100억의 시리즈 A 투자를 한국과 인도네시아 투자자들로 부터 유치하였고 카카오, 오늘의 집, 리디 등 유니콘 출신 개발자, PO, 마케터를 중심으로 팀을 확장하고 있습니다.",""
"wanted","https://wanted.co.kr/wd/127012","Mon Feb 06 2023 16:10:31 GMT+0900 (대한민국 표준시)","","상시","엠게임","서울 금천구 가산디지털1로 145 에이스하이엔드타워 3차 7층","","","","","","열혈강호 온라인 서버 개발","• 열혈강호 온라인 서버 개발","• C• C++","• 체력단련 지원 프로그램• 장기근속자 보상프로그램","","열혈강호 온라인 서버 개발을 함께할 인재를 모십니다.",""
